edition,division,problem,system,timeout,szs_status,expected,verdict,wall_time_s,peak_memory_mb,failure_detail,processed_per_s,raw_stdout_path,raw_stderr_path,raw_stdout_sha256,raw_stderr_sha256
casc-30,fne,COM008+1,mrs,240,GaveUp,Theorem,unknown,238.168,6162,strategies=8 workers=8 strategy_ids=0:11;1:8;2:4;3:15;4:10;5:3;6:12;7:1 result=GaveUp elapsed_ms=238067 timeout=7 saturated=0 processed=132395 generated=1668948 passive=53278 weight_discarded=0 lrs_discarded=1450177 fwd_subsumed=8650 shared_published=0 shared_imported=0 parent_guidance_pruned=0 parent_guidance_sampled=0,556.1,raw/mrs/fne/COM008+1.stdout,raw/mrs/fne/COM008+1.stderr,ad256152649ba6fa93f2e5b62573e278098bd2ef51105b725be0d05dc6c2eb1e,b278431bbd39073e4756571a469b2bb56a969fd9507692c55504cde765d30337
casc-30,fne,BOO109+1,mrs,240,Timeout,Theorem,unknown,238.652,45143,strategies=8 workers=8 strategy_ids=0:11;1:8;2:4;3:15;4:10;5:3;6:12;7:1 result=Timeout elapsed_ms=238504 timeout=8 saturated=0 processed=9368 generated=355923 passive=56741 weight_discarded=560 lrs_discarded=284211 fwd_subsumed=4514 shared_published=0 shared_imported=0 parent_guidance_pruned=0 parent_guidance_sampled=0,39.3,raw/mrs/fne/BOO109+1.stdout,raw/mrs/fne/BOO109+1.stderr,ccb2bcf08966002273f344103f4b33e3d691ae1e72c43e975bec1de0a378e170,e4a396fcf111d5d06318772dd4adab2ee5fc57a2946d50ca683df91ae5e98984
casc-30,fne,CSR026+3,mrs,240,Theorem,Theorem,ok,21.770,3149,strategies=8 workers=8 strategy_ids=0:11;1:8;2:4;3:15;4:10;5:3;6:12;7:1 result=Refutation elapsed_ms=21528 timeout=7 saturated=0 processed=28984 generated=27977 passive=44213 weight_discarded=0 lrs_discarded=0 fwd_subsumed=5370 shared_published=0 shared_imported=0 parent_guidance_pruned=0 parent_guidance_sampled=0 proof_nodes=7002 proof_bytes=1260358 proof_emitted=true,1346.3,raw/mrs/fne/CSR026+3.stdout,raw/mrs/fne/CSR026+3.stderr,cac1fb5a95c10d668b6b780fda562982783d1fb4a2ef7615c7710bf21ea53c07,0fb719f127f121822c9eee6ea185c9a47db9540d7f4b467e75aedc7eeeece7e7
casc-30,fne,CSR033+3,mrs,240,Theorem,Theorem,ok,24.214,3149,strategies=8 workers=8 strategy_ids=0:11;1:8;2:4;3:15;4:10;5:3;6:12;7:1 result=Refutation elapsed_ms=23940 timeout=6 saturated=0 processed=48125 generated=66771 passive=57973 weight_discarded=0 lrs_discarded=0 fwd_subsumed=9264 shared_published=0 shared_imported=0 parent_guidance_pruned=0 parent_guidance_sampled=0 proof_nodes=9856 proof_bytes=1710529 proof_emitted=true,2010.2,raw/mrs/fne/CSR033+3.stdout,raw/mrs/fne/CSR033+3.stderr,1a84c5122abb0619a29615c655e45aea3524608b701841d37e7b78a732e30648,f9528dcc7a1cd5b1ec7532f1541f892540db260304d3e714488df73e8ec85520
casc-30,fne,CSR034+2,mrs,240,Theorem,Theorem,ok,.469,2125,strategies=8 workers=8 strategy_ids=0:11;1:8;2:4;3:15;4:10;5:3;6:12;7:1 result=Refutation elapsed_ms=391 timeout=7 saturated=0 processed=23749 generated=34620 passive=17136 weight_discarded=0 lrs_discarded=0 fwd_subsumed=1524 shared_published=0 shared_imported=0 parent_guidance_pruned=0 parent_guidance_sampled=0 proof_nodes=823 proof_bytes=135907 proof_emitted=true,60739.1,raw/mrs/fne/CSR034+2.stdout,raw/mrs/fne/CSR034+2.stderr,c19de8d660c090e8e2b9af5e0b9224e5a2b5a8a93b85499d88c94ebfa984b385,a6b5e921d1fa95a25e80ff6fe4507e346d39054f6a8d875b76dfb89fb90af158
casc-30,fne,CSR036+2,mrs,240,Theorem,Theorem,ok,2.020,3085,strategies=8 workers=8 strategy_ids=0:11;1:8;2:4;3:15;4:10;5:3;6:12;7:1 result=Refutation elapsed_ms=1943 timeout=7 saturated=0 processed=60912 generated=115064 passive=52782 weight_discarded=0 lrs_discarded=0 fwd_subsumed=9135 shared_published=0 shared_imported=0 parent_guidance_pruned=0 parent_guidance_sampled=0 proof_nodes=194 proof_bytes=25646 proof_emitted=true,31349.5,raw/mrs/fne/CSR036+2.stdout,raw/mrs/fne/CSR036+2.stderr,601751afbd4f4cdcf324e9c6f198095293862e57ab02388eadc26285657f6e7a,ad886d58334fc4306717fe3e5dbe3cbcb5bfc336e4e7c4e79a31b1833af9f4b7
casc-30,fne,CSR027+3,mrs,240,Timeout,Theorem,unknown,238.423,11279,strategies=8 workers=8 strategy_ids=0:11;1:8;2:4;3:15;4:10;5:3;6:12;7:1 result=Timeout elapsed_ms=238078 timeout=8 saturated=0 processed=660438 generated=1718599 passive=61569 weight_discarded=0 lrs_discarded=922707 fwd_subsumed=111364 shared_published=0 shared_imported=0 parent_guidance_pruned=0 parent_guidance_sampled=0,2774.0,raw/mrs/fne/CSR027+3.stdout,raw/mrs/fne/CSR027+3.stderr,65b2fdafbb4486b8451e421a7e58542d87f9083591382d7c3817666d39fdc88c,da55a3153932e41f8171e0ae1a29d0aba0e7f789bd1d0c8b5c2e0ffee9b5510d
casc-30,fne,CSR039+2,mrs,240,Theorem,Theorem,ok,2.363,3085,strategies=8 workers=8 strategy_ids=0:11;1:8;2:4;3:15;4:10;5:3;6:12;7:1 result=Refutation elapsed_ms=2258 timeout=7 saturated=0 processed=66538 generated=136459 passive=65524 weight_discarded=0 lrs_discarded=0 fwd_subsumed=11807 shared_published=0 shared_imported=0 parent_guidance_pruned=0 parent_guidance_sampled=0 proof_nodes=177 proof_bytes=23817 proof_emitted=true,29467.7,raw/mrs/fne/CSR039+2.stdout,raw/mrs/fne/CSR039+2.stderr,3bbc6fb49fa5494515e0970144a69b46189602167772982fc637d8df72205b0d,bbf34c75165f9f3876f10b55bd0c5dea8296c45873b14856de2d6d976d0c4121
casc-30,fne,CSR040+3,mrs,240,Theorem,Theorem,ok,1.772,3149,strategies=8 workers=8 strategy_ids=0:11;1:8;2:4;3:15;4:10;5:3;6:12;7:1 result=Refutation elapsed_ms=1510 timeout=7 saturated=0 processed=27496 generated=25202 passive=43067 weight_discarded=0 lrs_discarded=0 fwd_subsumed=5404 shared_published=0 shared_imported=0 parent_guidance_pruned=0 parent_guidance_sampled=0 proof_nodes=105 proof_bytes=14297 proof_emitted=true,18209.3,raw/mrs/fne/CSR040+3.stdout,raw/mrs/fne/CSR040+3.stderr,2f63120d8375e03268e42d8b7fb27c89170510d6b8f577f829b034a2a1c58645,e5e0d719f25fdd3704d7b3a1669f699fd70e15c7670a2a9e9b9f972318d9d79a
casc-30,fne,CSR052+3,mrs,240,Theorem,Theorem,ok,22.652,3149,strategies=8 workers=8 strategy_ids=0:11;1:8;2:4;3:15;4:10;5:3;6:12;7:1 result=Refutation elapsed_ms=22415 timeout=7 saturated=0 processed=90251 generated=179246 passive=119849 weight_discarded=0 lrs_discarded=0 fwd_subsumed=14656 shared_published=0 shared_imported=0 parent_guidance_pruned=0 parent_guidance_sampled=0 proof_nodes=56 proof_bytes=8039 proof_emitted=true,4026.4,raw/mrs/fne/CSR052+3.stdout,raw/mrs/fne/CSR052+3.stderr,c0101dcee2c718c68781b268a5eb061a6ce018b5549b05c6676b0c7c162abfa9,682e7d11549893c996c34a7d4fe4be7f0335c13e3177b0ca99cf709041c5601f
casc-30,fne,CSR056+3,mrs,240,Theorem,Theorem,ok,2.096,3149,strategies=8 workers=8 strategy_ids=0:11;1:8;2:4;3:15;4:10;5:3;6:12;7:1 result=Refutation elapsed_ms=1840 timeout=7 saturated=0 processed=63503 generated=100930 passive=75053 weight_discarded=0 lrs_discarded=0 fwd_subsumed=11087 shared_published=0 shared_imported=0 parent_guidance_pruned=0 parent_guidance_sampled=0 proof_nodes=9662 proof_bytes=1785910 proof_emitted=true,34512.5,raw/mrs/fne/CSR056+3.stdout,raw/mrs/fne/CSR056+3.stderr,c76d4a92b35c7ae5060e0160b5cf5e5ba8521b95260077b155ed01d2689811b7,4845ef8724f498178859a7d468faea8c138f2493d7d15b1cb9b02e9a93f9453d
casc-30,fne,CSR057+2,mrs,240,Theorem,Theorem,ok,.491,2125,strategies=8 workers=8 strategy_ids=0:11;1:8;2:4;3:15;4:10;5:3;6:12;7:1 result=Refutation elapsed_ms=391 timeout=7 saturated=0 processed=3335 generated=2154 passive=6351 weight_discarded=0 lrs_discarded=0 fwd_subsumed=248 shared_published=0 shared_imported=0 parent_guidance_pruned=0 parent_guidance_sampled=0 proof_nodes=631 proof_bytes=103001 proof_emitted=true,8529.4,raw/mrs/fne/CSR057+2.stdout,raw/mrs/fne/CSR057+2.stderr,385a094988ffeb74c18f389489bedae3fb15ac1cafa75f4c6ad56bc36aeee78e,b3dcd31ef5b6bc37bb87453015b5a8363b36232b65942cd84bee36d72b084859
casc-30,fne,CSR060+2,mrs,240,Theorem,Theorem,ok,5.434,3085,strategies=8 workers=8 strategy_ids=0:11;1:8;2:4;3:15;4:10;5:3;6:12;7:1 result=Refutation elapsed_ms=5354 timeout=7 saturated=0 processed=95818 generated=219586 passive=98431 weight_discarded=0 lrs_discarded=0 fwd_subsumed=32117 shared_published=0 shared_imported=0 parent_guidance_pruned=0 parent_guidance_sampled=0 proof_nodes=1121 proof_bytes=190576 proof_emitted=true,17896.5,raw/mrs/fne/CSR060+2.stdout,raw/mrs/fne/CSR060+2.stderr,e546ea2a1a5f3b34d4f66693126f5fbaf32499f958479c7340ede838ee950e1f,ffa628df44a4196d62a8b65411c855b9872bd54673d7ba4bdfa867a4de7cd8c5
casc-30,fne,CSR061+2,mrs,240,Theorem,Theorem,ok,1.199,2125,strategies=8 workers=8 strategy_ids=0:11;1:8;2:4;3:15;4:10;5:3;6:12;7:1 result=Refutation elapsed_ms=1128 timeout=7 saturated=0 processed=48110 generated=81237 passive=34927 weight_discarded=0 lrs_discarded=0 fwd_subsumed=5665 shared_published=0 shared_imported=0 parent_guidance_pruned=0 parent_guidance_sampled=0 proof_nodes=116 proof_bytes=15687 proof_emitted=true,42650.7,raw/mrs/fne/CSR061+2.stdout,raw/mrs/fne/CSR061+2.stderr,ca12b4b51176e15bc4b00972780df43617752f577faec05f57bcc0738387402c,5cbd1587e8cd4597a68418a92a6dec6fb7c28dbb61d9c846dc4b632eec9bbfc8
casc-30,fne,CSR062+2,mrs,240,Theorem,Theorem,ok,.474,2125,strategies=8 workers=8 strategy_ids=0:11;1:8;2:4;3:15;4:10;5:3;6:12;7:1 result=Refutation elapsed_ms=403 timeout=7 saturated=0 processed=2793 generated=1671 passive=6430 weight_discarded=0 lrs_discarded=0 fwd_subsumed=236 shared_published=0 shared_imported=0 parent_guidance_pruned=0 parent_guidance_sampled=0 proof_nodes=609 proof_bytes=99925 proof_emitted=true,6930.5,raw/mrs/fne/CSR062+2.stdout,raw/mrs/fne/CSR062+2.stderr,ea560039879927a826873e60545f4b1b9ac407d006c1c9240c8ed5cb4391e7c0,b909621ca17e218748516e03925c4568a06dfe0b2a480bc7a0d1dd30c7732ac5
casc-30,fne,CSR036+3,mrs,240,Timeout,Theorem,unknown,238.460,11279,strategies=8 workers=8 strategy_ids=0:11;1:8;2:4;3:15;4:10;5:3;6:12;7:1 result=Timeout elapsed_ms=238145 timeout=8 saturated=0 processed=631885 generated=1763805 passive=38871 weight_discarded=0 lrs_discarded=997681 fwd_subsumed=134496 shared_published=0 shared_imported=0 parent_guidance_pruned=0 parent_guidance_sampled=0,2653.4,raw/mrs/fne/CSR036+3.stdout,raw/mrs/fne/CSR036+3.stderr,3f7ad70f73d8ab984bee306960ff8497196f59ab0db31a3119564cba5fd6e0e0,7ad1a7aefcd9d03c7f0e2427600fc851b5b704de649fd72eda46fe5c84a8df19
casc-30,fne,CSR073+2,mrs,240,Theorem,Theorem,ok,.471,2125,strategies=8 workers=8 strategy_ids=0:11;1:8;2:4;3:15;4:10;5:3;6:12;7:1 result=Refutation elapsed_ms=378 timeout=7 saturated=0 processed=8621 generated=9759 passive=8399 weight_discarded=0 lrs_discarded=0 fwd_subsumed=506 shared_published=0 shared_imported=0 parent_guidance_pruned=0 parent_guidance_sampled=0 proof_nodes=688 proof_bytes=111551 proof_emitted=true,22806.9,raw/mrs/fne/CSR073+2.stdout,raw/mrs/fne/CSR073+2.stderr,0081e0770b4238ae81e1dc73d7b4063790e599e38eadd476f2cdaf4da14e5ec1,ddd5324b9067ef112e1d0d1b1ed3c773f458ae3ea7e1887644ab23c296f6b0e7
casc-30,fne,CSR062+3,mrs,240,Theorem,Theorem,ok,21.173,3149,strategies=8 workers=8 strategy_ids=0:11;1:8;2:4;3:15;4:10;5:3;6:12;7:1 result=Refutation elapsed_ms=20933 timeout=7 saturated=0 processed=41637 generated=53391 passive=53883 weight_discarded=0 lrs_discarded=0 fwd_subsumed=7668 shared_published=0 shared_imported=0 parent_guidance_pruned=0 parent_guidance_sampled=0 proof_nodes=6783 proof_bytes=1262549 proof_emitted=true,1989.1,raw/mrs/fne/CSR062+3.stdout,raw/mrs/fne/CSR062+3.stderr,228ab5cd3ff8f7e63d6862f3d32fb59cd39105daed64dc46e33dc1a5533e68e7,63a56df18e1a0018f3344c9c0c5781ad2034495e30d816dd18bbf6bc11754b37
casc-30,fne,CSR073+3,mrs,240,Theorem,Theorem,ok,20.278,3085,strategies=8 workers=8 strategy_ids=0:11;1:8;2:4;3:15;4:10;5:3;6:12;7:1 result=Refutation elapsed_ms=20054 timeout=7 saturated=0 processed=84885 generated=159649 passive=108159 weight_discarded=0 lrs_discarded=0 fwd_subsumed=14006 shared_published=0 shared_imported=0 parent_guidance_pruned=0 parent_guidance_sampled=0 proof_nodes=30 proof_bytes=4531 proof_emitted=true,4232.8,raw/mrs/fne/CSR073+3.stdout,raw/mrs/fne/CSR073+3.stderr,d484ed0b4dc53bd8ca17647486796204ed6999a58a96861ce59f172b45aec263,3e243ec9cb3fc9aba7e9fd7048f35efa0a04b5060cd1d26ece70671ee9784047
casc-30,fne,CSR115+6,mrs,240,Theorem,Theorem,ok,8.926,3149,strategies=8 workers=8 strategy_ids=0:11;1:8;2:4;3:15;4:10;5:3;6:12;7:1 result=Refutation elapsed_ms=8651 timeout=7 saturated=0 processed=24881 generated=46166 passive=104181 weight_discarded=0 lrs_discarded=0 fwd_subsumed=13 shared_published=0 shared_imported=0 parent_guidance_pruned=0 parent_guidance_sampled=0 proof_nodes=37 proof_bytes=33428 proof_emitted=true,2876.1,raw/mrs/fne/CSR115+6.stdout,raw/mrs/fne/CSR115+6.stderr,1757cc8a20e6101ce2e1de52436b144878d793fe41cb8e63ee9d1f89416c04b8,a2d8d8761b1135e6059de2eb39fb0154eb208272c7cc294961ac9ce30e4f3369
casc-30,fne,CSR115+91,mrs,240,Theorem,Theorem,ok,12.921,4111,strategies=8 workers=8 strategy_ids=0:11;1:8;2:4;3:15;4:10;5:3;6:12;7:1 result=Refutation elapsed_ms=12596 timeout=7 saturated=0 processed=134002 generated=427787 passive=370119 weight_discarded=0 lrs_discarded=0 fwd_subsumed=175 shared_published=0 shared_imported=0 parent_guidance_pruned=0 parent_guidance_sampled=0 proof_nodes=9056 proof_bytes=1584070 proof_emitted=true,10638.5,raw/mrs/fne/CSR115+91.stdout,raw/mrs/fne/CSR115+91.stderr,7f61ef0d3945c8e4500e11d4f79d3bd7b5cc79d39d2bbde2ae0a48b1c2f60146,56a4e0c984895938d5f83fbe247a0a08ed7450cb1a2893faf029b376ebeaef3d
casc-30,fne,CSR115+98,mrs,240,Theorem,Theorem,ok,9.480,3149,strategies=8 workers=8 strategy_ids=0:11;1:8;2:4;3:15;4:10;5:3;6:12;7:1 result=Refutation elapsed_ms=9202 timeout=7 saturated=0 processed=31017 generated=78549 passive=130233 weight_discarded=0 lrs_discarded=0 fwd_subsumed=2 shared_published=0 shared_imported=0 parent_guidance_pruned=0 parent_guidance_sampled=0 proof_nodes=41 proof_bytes=28393 proof_emitted=true,3370.7,raw/mrs/fne/CSR115+98.stdout,raw/mrs/fne/CSR115+98.stderr,511a10432cb862a17121306bf9212a3ddb2c0dc49b86f80f9199d3b5557c5215,1079ce6802833272e9da2921b9884fba2c27ae866692b2fed4607f687f85dd65
casc-30,fne,CSR115+31,mrs,240,Theorem,Theorem,ok,54.849,5136,strategies=8 workers=8 strategy_ids=0:11;1:8;2:4;3:15;4:10;5:3;6:12;7:1 result=Refutation elapsed_ms=54550 timeout=6 saturated=0 processed=346617 generated=496344 passive=214251 weight_discarded=0 lrs_discarded=7575 fwd_subsumed=173 shared_published=0 shared_imported=0 parent_guidance_pruned=0 parent_guidance_sampled=0 proof_nodes=15954 proof_bytes=3192091 proof_emitted=true,6354.1,raw/mrs/fne/CSR115+31.stdout,raw/mrs/fne/CSR115+31.stderr,43940c3daa4fcee29a9e7b115b92d9f043ca7d7a774ccad039f6b81f7a4c594d,3fc559b488236bc265d538536126fb1215313b41826bcc7e434f59b147a22b09
casc-30,fne,CSR116+39,mrs,240,Theorem,Theorem,ok,212.151,8212,strategies=8 workers=8 strategy_ids=0:11;1:8;2:4;3:15;4:10;5:3;6:12;7:1 result=Refutation elapsed_ms=211793 timeout=6 saturated=0 processed=671318 generated=845404 passive=92375 weight_discarded=0 lrs_discarded=70698 fwd_subsumed=2849 shared_published=0 shared_imported=0 parent_guidance_pruned=0 parent_guidance_sampled=0 proof_nodes=53538 proof_bytes=15234256 proof_emitted=false,3169.7,raw/mrs/fne/CSR116+39.stdout,raw/mrs/fne/CSR116+39.stderr,a84ddf05cb4558c3a999db743f083e086103fcc937c4debf4e87ebbd81974128,f541b5ee0964d07372d73e64ae8ededbfa5ca5bcbf7ac39c4043434d9fc0b903
casc-30,fne,CSR116+27,mrs,240,Theorem,Theorem,ok,227.407,8215,strategies=8 workers=8 strategy_ids=0:11;1:8;2:4;3:15;4:10;5:3;6:12;7:1 result=Refutation elapsed_ms=227032 timeout=6 saturated=0 processed=687807 generated=961730 passive=54985 weight_discarded=0 lrs_discarded=192376 fwd_subsumed=6547 shared_published=0 shared_imported=0 parent_guidance_pruned=0 parent_guidance_sampled=0 proof_nodes=57960 proof_bytes=16372844 proof_emitted=false,3029.6,raw/mrs/fne/CSR116+27.stdout,raw/mrs/fne/CSR116+27.stderr,32c77c1d0678af6942329fc867862adf1185cd89269023f733bb6d2b325f571b,7cb4d7ecebd373fa89ab95a449cfa8dd0ec7e1539d6aaa61ff16079911dc6df9
casc-30,fne,CSR116+6,mrs,240,Theorem,Theorem,ok,162.161,7185,strategies=8 workers=8 strategy_ids=0:11;1:8;2:4;3:15;4:10;5:3;6:12;7:1 result=Refutation elapsed_ms=161800 timeout=6 saturated=0 processed=605222 generated=677416 passive=44872 weight_discarded=0 lrs_discarded=68128 fwd_subsumed=3652 shared_published=0 shared_imported=0 parent_guidance_pruned=0 parent_guidance_sampled=0 proof_nodes=41732 proof_bytes=10155244 proof_emitted=false,3740.6,raw/mrs/fne/CSR116+6.stdout,raw/mrs/fne/CSR116+6.stderr,6c585b78d6fcbbc80abfa1a57d3ceccd1a657f4e4c8075587311a12a3eb27786,3d7667aff8a7af4470edcf84d01a662ff31ffdb45e5c92b4a17181fc85c03329
casc-30,fne,GEO167+1,mrs,240,GaveUp,Theorem,unknown,238.354,11280,strategies=8 workers=8 strategy_ids=0:11;1:8;2:4;3:15;4:10;5:3;6:12;7:1 result=GaveUp elapsed_ms=238217 timeout=7 saturated=0 processed=184004 generated=1178029 passive=39809 weight_discarded=0 lrs_discarded=745665 fwd_subsumed=26856 shared_published=0 shared_imported=0 parent_guidance_pruned=0 parent_guidance_sampled=0,772.4,raw/mrs/fne/GEO167+1.stdout,raw/mrs/fne/GEO167+1.stderr,b4df1c775e15e2e21eacb6cf2b6321d03962622688fb52f3c4bebb1278fcc89b,9a18600b8f744216b05361f563cf0174fcae16e3285626fccf916afddc50e0cc
casc-30,fne,GEO259+1,mrs,240,Theorem,Theorem,ok,.342,2125,strategies=8 workers=8 strategy_ids=0:11;1:8;2:4;3:15;4:10;5:3;6:12;7:1 result=Refutation elapsed_ms=303 timeout=7 saturated=0 processed=5065 generated=22905 passive=12200 weight_discarded=0 lrs_discarded=0 fwd_subsumed=1876 shared_published=0 shared_imported=0 parent_guidance_pruned=0 parent_guidance_sampled=0 proof_nodes=46 proof_bytes=8635 proof_emitted=true,16716.2,raw/mrs/fne/GEO259+1.stdout,raw/mrs/fne/GEO259+1.stderr,f3ec29fca8b1b89a534c6f4a4db5aed3e049799b6b667d7faaea0a1ff305ab17,52b17cee5fb73803d9b6c5372f55c3922fd7a3aae3f7a177abc97cce9f7dc506
casc-30,fne,GEO168+1,mrs,240,GaveUp,Theorem,unknown,238.260,8209,strategies=8 workers=8 strategy_ids=0:11;1:8;2:4;3:15;4:10;5:3;6:12;7:1 result=GaveUp elapsed_ms=238151 timeout=7 saturated=0 processed=199678 generated=1180124 passive=40308 weight_discarded=0 lrs_discarded=639462 fwd_subsumed=32764 shared_published=0 shared_imported=0 parent_guidance_pruned=0 parent_guidance_sampled=0,838.5,raw/mrs/fne/GEO168+1.stdout,raw/mrs/fne/GEO168+1.stderr,870c5a73274048c6bb342d383da8d8b5eceb756fc2f4572fa1dea1c3696d4b41,053fca048d7a2cf78c29500834ff226dfb7438c7c83241f739ce2c0fe4bec6ee
casc-30,fne,KRS203+1,mrs,240,Theorem,Theorem,ok,8.099,4110,strategies=8 workers=8 strategy_ids=0:11;1:8;2:4;3:15;4:10;5:3;6:12;7:1 result=Refutation elapsed_ms=8012 timeout=7 saturated=0 processed=20585 generated=372797 passive=234074 weight_discarded=0 lrs_discarded=0 fwd_subsumed=19330 shared_published=0 shared_imported=0 parent_guidance_pruned=0 parent_guidance_sampled=0 proof_nodes=51625 proof_bytes=9906340 proof_emitted=false,2569.3,raw/mrs/fne/KRS203+1.stdout,raw/mrs/fne/KRS203+1.stderr,b38bf153005954e7abacafbac4716a971c67cb44f3edb52fe48bc4d3b776a26e,c52ffcee34159faee8eb70425bd846614ac9a2def85535ceace65b97cea16e29
casc-30,fne,KRS189+1,mrs,240,Timeout,Theorem,unknown,238.825,19969,strategies=8 workers=8 strategy_ids=0:11;1:8;2:4;3:15;4:10;5:3;6:12;7:1 result=Timeout elapsed_ms=238650 timeout=8 saturated=0 processed=89752 generated=2885158 passive=58627 weight_discarded=0 lrs_discarded=1435526 fwd_subsumed=251248 shared_published=0 shared_imported=0 parent_guidance_pruned=0 parent_guidance_sampled=0,376.1,raw/mrs/fne/KRS189+1.stdout,raw/mrs/fne/KRS189+1.stderr,0da7a7b19e80acfdcef0f2f825bf0d83faa9670159f3c7f46f1846565ebb3c68,276dd7ef90fcb4b2b02629b8c498b3f7f8d81945d5d74c06de7dbdbf5a88148b
casc-30,fne,KRS216+1,mrs,240,Timeout,Theorem,unknown,238.652,17431,strategies=8 workers=8 strategy_ids=0:11;1:8;2:4;3:15;4:10;5:3;6:12;7:1 result=Timeout elapsed_ms=238474 timeout=8 saturated=0 processed=92431 generated=2730043 passive=46170 weight_discarded=0 lrs_discarded=1438726 fwd_subsumed=262534 shared_published=0 shared_imported=0 parent_guidance_pruned=0 parent_guidance_sampled=0,387.6,raw/mrs/fne/KRS216+1.stdout,raw/mrs/fne/KRS216+1.stderr,a4b21fbe359292e81d58b7ed68332ec7e73f13c79221db637f44140bc291bf5a,ab260f9ad2d51f11cdd00cfa35e76d8f4325ea08e659126ce2c6cc058bec0b21
casc-30,fne,KRS217+1,mrs,240,Timeout,Theorem,unknown,238.617,19478,strategies=8 workers=8 strategy_ids=0:11;1:8;2:4;3:15;4:10;5:3;6:12;7:1 result=Timeout elapsed_ms=238429 timeout=8 saturated=0 processed=91058 generated=2689224 passive=64920 weight_discarded=0 lrs_discarded=1418819 fwd_subsumed=256507 shared_published=0 shared_imported=0 parent_guidance_pruned=0 parent_guidance_sampled=0,381.9,raw/mrs/fne/KRS217+1.stdout,raw/mrs/fne/KRS217+1.stderr,7e7c50e2a41c4b33a4e429f37d36aeb8ab3b1be931ccc71b67b03ffbff0c6864,062342d2b71792e99daf36f242cdd3093eacfd5ce4385ab68bce5af8efc30cd9
casc-30,fne,KRS234+1,mrs,240,Theorem,Theorem,ok,2.771,3086,strategies=8 workers=8 strategy_ids=0:11;1:8;2:4;3:15;4:10;5:3;6:12;7:1 result=Refutation elapsed_ms=2707 timeout=7 saturated=0 processed=14128 generated=191843 passive=112365 weight_discarded=0 lrs_discarded=0 fwd_subsumed=11815 shared_published=0 shared_imported=0 parent_guidance_pruned=0 parent_guidance_sampled=0 proof_nodes=35030 proof_bytes=6295865 proof_emitted=true,5219.1,raw/mrs/fne/KRS234+1.stdout,raw/mrs/fne/KRS234+1.stderr,ec4bac75e070ac90c4dcee2df18c3778b758b70f29c82dd9684bcf2dc0c275b4,8583ec4acecebcd5ad9a0641d76af9948f70c84206ced62bb5e367fe0381a8a9
casc-30,fne,KRS233+1,mrs,240,Timeout,Theorem,unknown,238.728,19971,strategies=8 workers=8 strategy_ids=0:11;1:8;2:4;3:15;4:10;5:3;6:12;7:1 result=Timeout elapsed_ms=238575 timeout=8 saturated=0 processed=86799 generated=2705055 passive=45986 weight_discarded=0 lrs_discarded=1421730 fwd_subsumed=243295 shared_published=0 shared_imported=0 parent_guidance_pruned=0 parent_guidance_sampled=0,363.8,raw/mrs/fne/KRS233+1.stdout,raw/mrs/fne/KRS233+1.stderr,722524641135e5a297a7ce970ba7a4455a994ad7b24fc385884be8e717cd35d5,529303ebf3f19117bceb9de4becafc93cfde426b29f978ccda93be8d27e00b3e
casc-30,fne,KRS258+1,mrs,240,Theorem,Theorem,ok,.540,2125,strategies=8 workers=8 strategy_ids=0:11;1:8;2:4;3:15;4:10;5:3;6:12;7:1 result=Refutation elapsed_ms=460 timeout=7 saturated=0 processed=6475 generated=47061 passive=30134 weight_discarded=0 lrs_discarded=0 fwd_subsumed=3194 shared_published=0 shared_imported=0 parent_guidance_pruned=0 parent_guidance_sampled=0 proof_nodes=4781 proof_bytes=791382 proof_emitted=true,14076.1,raw/mrs/fne/KRS258+1.stdout,raw/mrs/fne/KRS258+1.stderr,c2f8a0d66b42c772b86bc22cde706266f9559223b0a8cd70afab531ceab87f0f,294a87bc936ce666f6f44eac1214eaee7a1b63a955414ece2f1a20cf3abf52f7
casc-30,fne,KRS260+1,mrs,240,Theorem,Theorem,ok,.970,2125,strategies=8 workers=8 strategy_ids=0:11;1:8;2:4;3:15;4:10;5:3;6:12;7:1 result=Refutation elapsed_ms=919 timeout=7 saturated=0 processed=9542 generated=95692 passive=58187 weight_discarded=0 lrs_discarded=0 fwd_subsumed=6271 shared_published=0 shared_imported=0 parent_guidance_pruned=0 parent_guidance_sampled=0 proof_nodes=14163 proof_bytes=2407074 proof_emitted=true,10383.0,raw/mrs/fne/KRS260+1.stdout,raw/mrs/fne/KRS260+1.stderr,a28e89bf55b8246d20ccb3a8affa9914bd94bbe4ef2f640fc6d7006d3d834b16,de503c4baef935d2c83a86d6ec800a2ff9e5dd78fdb20387c53c9ad279aaae90
casc-30,fne,KRS251+1,mrs,240,Timeout,Theorem,unknown,238.670,17431,strategies=8 workers=8 strategy_ids=0:11;1:8;2:4;3:15;4:10;5:3;6:12;7:1 result=Timeout elapsed_ms=238475 timeout=8 saturated=0 processed=89013 generated=2702478 passive=51790 weight_discarded=0 lrs_discarded=1378970 fwd_subsumed=256285 shared_published=0 shared_imported=0 parent_guidance_pruned=0 parent_guidance_sampled=0,373.3,raw/mrs/fne/KRS251+1.stdout,raw/mrs/fne/KRS251+1.stderr,22d58e8bc13f6bb17715e4c5ee8de1280be297f198d5d9616eebcc29f3ac55d5,0df8247b8f834f695c097911ac16b143fa7965853bd2f9de94ebd670ffdafa09
casc-30,fne,KRS261+1,mrs,240,Timeout,Theorem,unknown,238.698,19971,strategies=8 workers=8 strategy_ids=0:11;1:8;2:4;3:15;4:10;5:3;6:12;7:1 result=Timeout elapsed_ms=238580 timeout=8 saturated=0 processed=91575 generated=2686481 passive=56256 weight_discarded=0 lrs_discarded=1408175 fwd_subsumed=246220 shared_published=0 shared_imported=0 parent_guidance_pruned=0 parent_guidance_sampled=0,383.8,raw/mrs/fne/KRS261+1.stdout,raw/mrs/fne/KRS261+1.stderr,eb7353687973e50426ea8a08205030016e6360c92540e7a2504df2c80c949cbd,ad85086ef7a01d856a6f0cbf994d7b3bd3ba7d0a384acab2c25e03506db8adec
casc-30,fne,LCL062+1,mrs,240,Timeout,Theorem,unknown,237.543,32855,strategies=8 workers=8 strategy_ids=0:11;1:8;2:4;3:15;4:10;5:3;6:12;7:1 result=Timeout elapsed_ms=237429 timeout=8 saturated=0 processed=10145 generated=755884 passive=61556 weight_discarded=0 lrs_discarded=671616 fwd_subsumed=10648 shared_published=0 shared_imported=0 parent_guidance_pruned=0 parent_guidance_sampled=0,42.7,raw/mrs/fne/LCL062+1.stdout,raw/mrs/fne/LCL062+1.stderr,886f4e3f67f9d5ad8bf660fecad1eb3c87fde1e66f69be13e423712e7ed58cb4,c490912ccd5affd5b050419ee29c1bba7ddce6c0b6eddddaf62e5a573af1546e
casc-30,fne,LCL109+1,mrs,240,Timeout,Theorem,unknown,237.914,29711,strategies=8 workers=8 strategy_ids=0:11;1:8;2:4;3:15;4:10;5:3;6:12;7:1 result=Timeout elapsed_ms=237766 timeout=8 saturated=0 processed=9454 generated=757813 passive=84451 weight_discarded=0 lrs_discarded=652344 fwd_subsumed=9603 shared_published=0 shared_imported=0 parent_guidance_pruned=0 parent_guidance_sampled=0,39.8,raw/mrs/fne/LCL109+1.stdout,raw/mrs/fne/LCL109+1.stderr,53fa8110fac4e18e37231985c894078e6b477ad222519ec451fcf5b5173ecd40,6d9a7abba3590188186d834097b9d7a0402ac5969b3e1b3f58c98bcd61cee184
casc-30,fne,LCL365+1,mrs,240,Timeout,Theorem,unknown,237.575,32855,strategies=8 workers=8 strategy_ids=0:11;1:8;2:4;3:15;4:10;5:3;6:12;7:1 result=Timeout elapsed_ms=237461 timeout=8 saturated=0 processed=10163 generated=757925 passive=66346 weight_discarded=0 lrs_discarded=668827 fwd_subsumed=10668 shared_published=0 shared_imported=0 parent_guidance_pruned=0 parent_guidance_sampled=0,42.8,raw/mrs/fne/LCL365+1.stdout,raw/mrs/fne/LCL365+1.stderr,b5111669bae1fdc4d3f7d7918437ddc2064532f049cc594b4eacec495f1d4784,d3fca60c9db984227861644fdffe9be45d662f9350e4159a67cf0569b7578167
casc-30,fne,LCL365+2,mrs,240,Timeout,Theorem,unknown,237.338,15374,strategies=8 workers=8 strategy_ids=0:11;1:8;2:4;3:15;4:10;5:3;6:12;7:1 result=Timeout elapsed_ms=237260 timeout=8 saturated=0 processed=15534 generated=499720 passive=42889 weight_discarded=194 lrs_discarded=427403 fwd_subsumed=6183 shared_published=0 shared_imported=0 parent_guidance_pruned=0 parent_guidance_sampled=0,65.5,raw/mrs/fne/LCL365+2.stdout,raw/mrs/fne/LCL365+2.stderr,f11e0331c691c64cfbffc4ffc15cebe2ef62b97dc53324c9d54245ed40886d8e,44cffc54d4e39e153fb5119ff23fe10ade86e09019f36d804cd61798489225e8
casc-30,fne,LCL368+1,mrs,240,Timeout,Theorem,unknown,237.906,36951,strategies=8 workers=8 strategy_ids=0:11;1:8;2:4;3:15;4:10;5:3;6:12;7:1 result=Timeout elapsed_ms=237786 timeout=8 saturated=0 processed=9776 generated=788822 passive=71869 weight_discarded=0 lrs_discarded=696074 fwd_subsumed=9274 shared_published=0 shared_imported=0 parent_guidance_pruned=0 parent_guidance_sampled=0,41.1,raw/mrs/fne/LCL368+1.stdout,raw/mrs/fne/LCL368+1.stderr,d9e8811111a6ebc24f9f92d90e8c4de43689a8d96bb856eb8ddee1f7f5a60992,2728b1f48c906a1e509dab47fba06971b4dfa7675d9c35534c8b286731d2a8e3
casc-30,fne,LCL368+2,mrs,240,Timeout,Theorem,unknown,237.370,21519,strategies=8 workers=8 strategy_ids=0:11;1:8;2:4;3:15;4:10;5:3;6:12;7:1 result=Timeout elapsed_ms=237263 timeout=8 saturated=0 processed=14990 generated=529266 passive=44165 weight_discarded=152 lrs_discarded=456880 fwd_subsumed=5969 shared_published=0 shared_imported=0 parent_guidance_pruned=0 parent_guidance_sampled=0,63.2,raw/mrs/fne/LCL368+2.stdout,raw/mrs/fne/LCL368+2.stderr,fb0e1d8bf66856f74a8263ee355c938e0efe6254d04a0a1ba47ecc43a574eac0,cf3c071d7a657065234fb2fbae69501f0461615c83528d47e147ef9fc6ae2dac
casc-30,fne,LCL369+1,mrs,240,Timeout,Theorem,unknown,237.947,41047,strategies=8 workers=8 strategy_ids=0:11;1:8;2:4;3:15;4:10;5:3;6:12;7:1 result=Timeout elapsed_ms=237818 timeout=8 saturated=0 processed=9627 generated=779659 passive=50490 weight_discarded=0 lrs_discarded=708610 fwd_subsumed=9158 shared_published=0 shared_imported=0 parent_guidance_pruned=0 parent_guidance_sampled=0,40.5,raw/mrs/fne/LCL369+1.stdout,raw/mrs/fne/LCL369+1.stderr,51c5573f4d1badafe431586a37e9684a61cfadc7ea37277389e01c7b04cf31d1,4668ce72f606df7f7fef3879fdfea6c45de8aefcf6f95a219a316fec45f836a3
casc-30,fne,LCL370+2,mrs,240,Timeout,Theorem,unknown,237.310,21519,strategies=8 workers=8 strategy_ids=0:11;1:8;2:4;3:15;4:10;5:3;6:12;7:1 result=Timeout elapsed_ms=237207 timeout=8 saturated=0 processed=15015 generated=538507 passive=52924 weight_discarded=152 lrs_discarded=457521 fwd_subsumed=5806 shared_published=0 shared_imported=0 parent_guidance_pruned=0 parent_guidance_sampled=0,63.3,raw/mrs/fne/LCL370+2.stdout,raw/mrs/fne/LCL370+2.stderr,a29e825ea261866a8543c4fcae91b8853fac6815731f86a5873efb909176eea6,3cb183a6aa076be46d0fb7d905a3d313c5b3eb2ee9b034a265105afd63ce8e51
casc-30,fne,LCL373+2,mrs,240,Timeout,Theorem,unknown,237.409,21519,strategies=8 workers=8 strategy_ids=0:11;1:8;2:4;3:15;4:10;5:3;6:12;7:1 result=Timeout elapsed_ms=237282 timeout=8 saturated=0 processed=14857 generated=521765 passive=67027 weight_discarded=130 lrs_discarded=427017 fwd_subsumed=5660 shared_published=0 shared_imported=0 parent_guidance_pruned=0 parent_guidance_sampled=0,62.6,raw/mrs/fne/LCL373+2.stdout,raw/mrs/fne/LCL373+2.stderr,fc9186e5676ecea5b639fd973326dcc480ed90345a1d993ffbc4bcb928ca9902,bf22bc3786cd4de7206bd195287c456cd3cf6e857212bd9628697366b67db194
casc-30,fne,LCL374+1,mrs,240,Timeout,Theorem,unknown,237.907,37903,strategies=8 workers=8 strategy_ids=0:11;1:8;2:4;3:15;4:10;5:3;6:12;7:1 result=Timeout elapsed_ms=237732 timeout=8 saturated=0 processed=9821 generated=774288 passive=87742 weight_discarded=0 lrs_discarded=665353 fwd_subsumed=9549 shared_published=0 shared_imported=0 parent_guidance_pruned=0 parent_guidance_sampled=0,41.3,raw/mrs/fne/LCL374+1.stdout,raw/mrs/fne/LCL374+1.stderr,964eeae6445e21789d653a394d2df1ec6edf4567e9cc13ac49388e74a84f69c4,f3dc9e2f8ab41a161818cca1767900ce4aa7c46c725c1169f62be281235012a4
casc-30,fne,LCL374+2,mrs,240,Timeout,Theorem,unknown,237.386,23567,strategies=8 workers=8 strategy_ids=0:11;1:8;2:4;3:15;4:10;5:3;6:12;7:1 result=Timeout elapsed_ms=237276 timeout=8 saturated=0 processed=14983 generated=529516 passive=49063 weight_discarded=152 lrs_discarded=452444 fwd_subsumed=5778 shared_published=0 shared_imported=0 parent_guidance_pruned=0 parent_guidance_sampled=0,63.1,raw/mrs/fne/LCL374+2.stdout,raw/mrs/fne/LCL374+2.stderr,54a9e60b94043a5a5730503786ca83ef4a5d1a37f31422b2a0e426cdf2042a53,038fac02b4799db0df25bca225ab005afa188f8d21de1382b1d04324324510fd
casc-30,fne,LCL376+1,mrs,240,Timeout,Theorem,unknown,237.927,41047,strategies=8 workers=8 strategy_ids=0:11;1:8;2:4;3:15;4:10;5:3;6:12;7:1 result=Timeout elapsed_ms=237761 timeout=8 saturated=0 processed=9518 generated=785072 passive=64327 weight_discarded=9 lrs_discarded=700221 fwd_subsumed=9175 shared_published=0 shared_imported=0 parent_guidance_pruned=0 parent_guidance_sampled=0,40.0,raw/mrs/fne/LCL376+1.stdout,raw/mrs/fne/LCL376+1.stderr,96d6e063dd8c7c6cee70ff6e9319c31ceb8c8251cf70f61cd67f523661ca032d,35856b348eaec1cd50b275e0c7185cbde67397c9f308e68f535c19cfc7c71d98
casc-30,fne,LCL377+1,mrs,240,Timeout,Theorem,unknown,237.803,33807,strategies=8 workers=8 strategy_ids=0:11;1:8;2:4;3:15;4:10;5:3;6:12;7:1 result=Timeout elapsed_ms=237677 timeout=8 saturated=0 processed=9647 generated=792951 passive=76687 weight_discarded=0 lrs_discarded=695488 fwd_subsumed=9243 shared_published=0 shared_imported=0 parent_guidance_pruned=0 parent_guidance_sampled=0,40.6,raw/mrs/fne/LCL377+1.stdout,raw/mrs/fne/LCL377+1.stderr,7b1831325034fcc9f50c1002ef3a70cd40053f2dcde0aa915e7e2186e641a347,e61434d96719c80a1bdd5ea6732ea11d8d3b866f9e261d3420a84e44bcfbba26
casc-30,fne,LCL383+1,mrs,240,Timeout,Theorem,unknown,238.243,29711,strategies=8 workers=8 strategy_ids=0:11;1:8;2:4;3:15;4:10;5:3;6:12;7:1 result=Timeout elapsed_ms=238073 timeout=8 saturated=0 processed=10145 generated=757379 passive=66065 weight_discarded=0 lrs_discarded=669219 fwd_subsumed=10119 shared_published=0 shared_imported=0 parent_guidance_pruned=0 parent_guidance_sampled=0,42.6,raw/mrs/fne/LCL383+1.stdout,raw/mrs/fne/LCL383+1.stderr,ab0008c11d23a3ea0234542aac0d6113c18a648c157e03c18766d30f75bf96a9,251c4fe50dfc18cb8acb264236791a9d3cecfb3c4bc6e58df7841a7859a903fc
casc-30,fne,LCL383+2,mrs,240,Timeout,Theorem,unknown,237.343,17423,strategies=8 workers=8 strategy_ids=0:11;1:8;2:4;3:15;4:10;5:3;6:12;7:1 result=Timeout elapsed_ms=237254 timeout=8 saturated=0 processed=15588 generated=488810 passive=33411 weight_discarded=194 lrs_discarded=426059 fwd_subsumed=6053 shared_published=0 shared_imported=0 parent_guidance_pruned=0 parent_guidance_sampled=0,65.7,raw/mrs/fne/LCL383+2.stdout,raw/mrs/fne/LCL383+2.stderr,a4f4da8819c6061e2d49fe905303f94b5b4ec9ec49a032a03788776e0e6a9a57,b2a434804e26d624376b33bd378170effa099d73529f88340e1a69f405b05de9
casc-30,fne,LCL390+1,mrs,240,Timeout,Theorem,unknown,238.084,28759,strategies=8 workers=8 strategy_ids=0:11;1:8;2:4;3:15;4:10;5:3;6:12;7:1 result=Timeout elapsed_ms=237949 timeout=8 saturated=0 processed=10339 generated=760947 passive=58918 weight_discarded=0 lrs_discarded=679180 fwd_subsumed=10572 shared_published=0 shared_imported=0 parent_guidance_pruned=0 parent_guidance_sampled=0,43.5,raw/mrs/fne/LCL390+1.stdout,raw/mrs/fne/LCL390+1.stderr,c0a52bba40da02b93bb7b187ed47b8809e568e3dee1cb6d4247f5cef2e277181,a49bbe896ec307e3176d021e17aa9201d0939d8cbee0d938fb3b3d80d40b1051
casc-30,fne,LCL390+2,mrs,240,Timeout,Theorem,unknown,237.338,15374,strategies=8 workers=8 strategy_ids=0:11;1:8;2:4;3:15;4:10;5:3;6:12;7:1 result=Timeout elapsed_ms=237251 timeout=8 saturated=0 processed=15529 generated=502444 passive=45776 weight_discarded=208 lrs_discarded=427284 fwd_subsumed=6188 shared_published=0 shared_imported=0 parent_guidance_pruned=0 parent_guidance_sampled=0,65.5,raw/mrs/fne/LCL390+2.stdout,raw/mrs/fne/LCL390+2.stderr,c9916b37050976ff990d443dda94805e1d266223f55d352622bc9b4e11a110c9,101a4f10f217176f6c91c3b27d025446bcaca1921dfa90bfc7122fc70f02b38a
casc-30,fne,LCL392+1,mrs,240,Timeout,Theorem,unknown,237.974,32855,strategies=8 workers=8 strategy_ids=0:11;1:8;2:4;3:15;4:10;5:3;6:12;7:1 result=Timeout elapsed_ms=237843 timeout=8 saturated=0 processed=10197 generated=752534 passive=56304 weight_discarded=0 lrs_discarded=673692 fwd_subsumed=10480 shared_published=0 shared_imported=0 parent_guidance_pruned=0 parent_guidance_sampled=0,42.9,raw/mrs/fne/LCL392+1.stdout,raw/mrs/fne/LCL392+1.stderr,9f8682057616b07889b80c7c6a68d8f59d21482f191118c3def14fe936386806,e039cf1eb4bcd91f7223dcb085a257f0adae019f802d0ef80bffa5a2fb320c5c
casc-30,fne,LCL392+2,mrs,240,Timeout,Theorem,unknown,237.343,15374,strategies=8 workers=8 strategy_ids=0:11;1:8;2:4;3:15;4:10;5:3;6:12;7:1 result=Timeout elapsed_ms=237254 timeout=8 saturated=0 processed=15488 generated=498101 passive=41367 weight_discarded=208 lrs_discarded=427414 fwd_subsumed=6149 shared_published=0 shared_imported=0 parent_guidance_pruned=0 parent_guidance_sampled=0,65.3,raw/mrs/fne/LCL392+2.stdout,raw/mrs/fne/LCL392+2.stderr,caa832af70a19a32dd7f11bad9e650f7e330ca139d704ec989648ea94155f8a0,08b64efa3a051257e40bfaa4b4965eb7c44df704c0b98502ddf5cb364be95896
casc-30,fne,LCL393+2,mrs,240,Timeout,Theorem,unknown,237.336,15374,strategies=8 workers=8 strategy_ids=0:11;1:8;2:4;3:15;4:10;5:3;6:12;7:1 result=Timeout elapsed_ms=237229 timeout=8 saturated=0 processed=15531 generated=500688 passive=43724 weight_discarded=208 lrs_discarded=427573 fwd_subsumed=6152 shared_published=0 shared_imported=0 parent_guidance_pruned=0 parent_guidance_sampled=0,65.5,raw/mrs/fne/LCL393+2.stdout,raw/mrs/fne/LCL393+2.stderr,312c56fb769e99d1b0acdecdbef89c80c3e40b6083effdf92a8dd34e0342b5e5,faddea5641ff008dbdd9e44c9b29381c6fab72f6c7a25fd279e2f986837ce07b
casc-30,fne,LCL394+2,mrs,240,Timeout,Theorem,unknown,237.337,15375,strategies=8 workers=8 strategy_ids=0:11;1:8;2:4;3:15;4:10;5:3;6:12;7:1 result=Timeout elapsed_ms=237244 timeout=8 saturated=0 processed=15611 generated=503022 passive=46204 weight_discarded=208 lrs_discarded=427284 fwd_subsumed=6214 shared_published=0 shared_imported=0 parent_guidance_pruned=0 parent_guidance_sampled=0,65.8,raw/mrs/fne/LCL394+2.stdout,raw/mrs/fne/LCL394+2.stderr,bc9daadfc35a0d85fd54bba60c0014bcebf84fac2607c231d2eb36022baca12d,03351fcc3bcb6a1361dec394d4fd87641c8457fdb211380855425c5d8748b18a
casc-30,fne,LCL640+1.005,mrs,240,Theorem,Theorem,ok,1.382,2125,strategies=8 workers=8 strategy_ids=0:11;1:8;2:4;3:15;4:10;5:3;6:12;7:1 result=Refutation elapsed_ms=1336 timeout=7 saturated=0 processed=14817 generated=87091 passive=20430 weight_discarded=0 lrs_discarded=0 fwd_subsumed=8329 shared_published=0 shared_imported=0 parent_guidance_pruned=0 parent_guidance_sampled=0 proof_nodes=133 proof_bytes=33400 proof_emitted=true,11090.6,raw/mrs/fne/LCL640+1.005.stdout,raw/mrs/fne/LCL640+1.005.stderr,1607f8bf9b6d4423ed05d28edc94cf9d679004080f904adb91f0980e38cccab5,908d0117d0fa06187383e81ff02b97e8947dfb51420e42d5f98b18be32f8a909
casc-30,fne,LCL642+1.010,mrs,240,Theorem,Theorem,ok,1.447,2125,strategies=8 workers=8 strategy_ids=0:11;1:8;2:4;3:15;4:10;5:3;6:12;7:1 result=Refutation elapsed_ms=1389 timeout=6 saturated=0 processed=22267 generated=46725 passive=6697 weight_discarded=0 lrs_discarded=0 fwd_subsumed=3110 shared_published=0 shared_imported=0 parent_guidance_pruned=0 parent_guidance_sampled=0 proof_nodes=5372 proof_bytes=1257677 proof_emitted=true,16031.0,raw/mrs/fne/LCL642+1.010.stdout,raw/mrs/fne/LCL642+1.010.stderr,fefd1ca5cfa326fae5741d43992a342aa7376481867584b816b92fa37b67bfca,9dc7c1b1fe1c020e28330a1f085d18377e539f9582b3737fd169159d16eed252
casc-30,fne,LCL642+1.015,mrs,240,Theorem,Theorem,ok,4.835,3087,strategies=8 workers=8 strategy_ids=0:11;1:8;2:4;3:15;4:10;5:3;6:12;7:1 result=Refutation elapsed_ms=4755 timeout=7 saturated=0 processed=56133 generated=133235 passive=20718 weight_discarded=0 lrs_discarded=0 fwd_subsumed=17949 shared_published=0 shared_imported=0 parent_guidance_pruned=0 parent_guidance_sampled=0 proof_nodes=9542 proof_bytes=2314068 proof_emitted=true,11805.0,raw/mrs/fne/LCL642+1.015.stdout,raw/mrs/fne/LCL642+1.015.stderr,d22825de440478b0ba338c201fd992aed531e474fcbf1b4745ca20a1dbc90bf2,3d37cdd96470f91183c4e46aa2f5cb6cd5e4c63d1d6ddff50c8abce584d65280
casc-30,fne,LCL403+2,mrs,240,Timeout,Theorem,unknown,238.315,15374,strategies=8 workers=8 strategy_ids=0:11;1:8;2:4;3:15;4:10;5:3;6:12;7:1 result=Timeout elapsed_ms=238196 timeout=8 saturated=0 processed=15669 generated=499134 passive=43528 weight_discarded=208 lrs_discarded=426070 fwd_subsumed=6154 shared_published=0 shared_imported=0 parent_guidance_pruned=0 parent_guidance_sampled=0,65.8,raw/mrs/fne/LCL403+2.stdout,raw/mrs/fne/LCL403+2.stderr,13f9fc7faccd3e8f9edc750e857d4d6e97dc32780db13b2cbfc0317bd92070c2,2a7a1773e374143479ea9f8887915eac387f3993834cca042ba5d93dc05c3017
casc-30,fne,LCL660+1.015,mrs,240,Theorem,Theorem,ok,14.618,3087,strategies=8 workers=8 strategy_ids=0:11;1:8;2:4;3:15;4:10;5:3;6:12;7:1 result=Refutation elapsed_ms=14485 timeout=7 saturated=0 processed=101517 generated=218027 passive=38492 weight_discarded=0 lrs_discarded=0 fwd_subsumed=24650 shared_published=0 shared_imported=0 parent_guidance_pruned=0 parent_guidance_sampled=0 proof_nodes=21616 proof_bytes=5235059 proof_emitted=true,7008.4,raw/mrs/fne/LCL660+1.015.stdout,raw/mrs/fne/LCL660+1.015.stderr,58952510f8288aeae7feb6e4907652083a670e9feeae193c15b3998d046e0e48,79083d141d846be16da270bcd6e7b04859b9c9fcb1753ef716ee2247193d3c8e
casc-30,fne,LCL660+1.020,mrs,240,Theorem,Theorem,ok,18.023,3088,strategies=8 workers=8 strategy_ids=0:11;1:8;2:4;3:15;4:10;5:3;6:12;7:1 result=Refutation elapsed_ms=17879 timeout=7 saturated=0 processed=98306 generated=283334 passive=73175 weight_discarded=0 lrs_discarded=0 fwd_subsumed=34535 shared_published=0 shared_imported=0 parent_guidance_pruned=0 parent_guidance_sampled=0 proof_nodes=19590 proof_bytes=4642341 proof_emitted=true,5498.4,raw/mrs/fne/LCL660+1.020.stdout,raw/mrs/fne/LCL660+1.020.stderr,8c2457bae351d00ab6b66b272407e7d3aae37943ae784060fa37d114be881ee6,200e0b362d87663875b32641d8115bcf45756ac7ecc0c5d0bb97020add73e36d
casc-30,fne,LCL656+1.015,mrs,240,Timeout,Theorem,unknown,238.158,2125,strategies=8 workers=8 strategy_ids=0:11;1:8;2:4;3:15;4:10;5:3;6:12;7:1 result=Timeout elapsed_ms=238093 timeout=8 saturated=0 processed=2958 generated=27254 passive=22286 weight_discarded=0 lrs_discarded=0 fwd_subsumed=3239 shared_published=0 shared_imported=0 parent_guidance_pruned=0 parent_guidance_sampled=0,12.4,raw/mrs/fne/LCL656+1.015.stdout,raw/mrs/fne/LCL656+1.015.stderr,070567f53731a816408a16359a7b134bdba62aaf9629f65c9944ca6543d14f62,fc78d76760524722eb508abab63cfc1a377e7df1b463b6a519408c26b5a1c5b0
casc-30,fne,LCL670+1.010,mrs,240,GaveUp,Theorem,unknown,238.356,13340,strategies=8 workers=8 strategy_ids=0:11;1:8;2:4;3:15;4:10;5:3;6:12;7:1 result=GaveUp elapsed_ms=238189 timeout=7 saturated=0 processed=142073 generated=1265199 passive=31609 weight_discarded=0 lrs_discarded=226699 fwd_subsumed=124013 shared_published=0 shared_imported=0 parent_guidance_pruned=0 parent_guidance_sampled=0,596.5,raw/mrs/fne/LCL670+1.010.stdout,raw/mrs/fne/LCL670+1.010.stderr,4ed422bbc9db7e4457dbb2bf66ea1dedfbf8c057ebc92f8edd7c4175fd159fac,878cead061754edb79712e93f84e46b82afe279fe0bcc928362b45c5d75f562f
casc-30,fne,LCL680+1.005,mrs,240,Timeout,Theorem,unknown,238.322,8227,strategies=8 workers=8 strategy_ids=0:11;1:8;2:4;3:15;4:10;5:3;6:12;7:1 result=Timeout elapsed_ms=238153 timeout=8 saturated=0 processed=462132 generated=1197293 passive=49222 weight_discarded=0 lrs_discarded=327919 fwd_subsumed=79347 shared_published=0 shared_imported=0 parent_guidance_pruned=0 parent_guidance_sampled=0,1940.5,raw/mrs/fne/LCL680+1.005.stdout,raw/mrs/fne/LCL680+1.005.stderr,07174309ad93598fe2ee7a4e6cfbe4362422663adca659a75b75fc1ca91bc266,fd7ed23a5d752985fbeaed33836c849f294af803aaf8a754a193e4a5c7f6117d
casc-30,fne,LCL682+1.015,mrs,240,Timeout,Theorem,unknown,238.322,7188,strategies=8 workers=8 strategy_ids=0:11;1:8;2:4;3:15;4:10;5:3;6:12;7:1 result=Timeout elapsed_ms=237856 timeout=8 saturated=0 processed=137571 generated=1072348 passive=36977 weight_discarded=0 lrs_discarded=517956 fwd_subsumed=27161 shared_published=0 shared_imported=0 parent_guidance_pruned=0 parent_guidance_sampled=0,578.4,raw/mrs/fne/LCL682+1.015.stdout,raw/mrs/fne/LCL682+1.015.stderr,7dec218e0c4375dbcfa196b961567cf5a2310fd3f82d1ce8f8eb2726d303f541,d10e08102862f6bfc907b4ba28197a67105199fe351c623f5940b759d938048b
casc-30,fne,LCL682+1.020,mrs,240,Timeout,Theorem,unknown,238.555,6173,strategies=8 workers=8 strategy_ids=0:11;1:8;2:4;3:15;4:10;5:3;6:12;7:1 result=Timeout elapsed_ms=237734 timeout=8 saturated=0 processed=77844 generated=688055 passive=42158 weight_discarded=0 lrs_discarded=299263 fwd_subsumed=16157 shared_published=0 shared_imported=0 parent_guidance_pruned=0 parent_guidance_sampled=0,327.4,raw/mrs/fne/LCL682+1.020.stdout,raw/mrs/fne/LCL682+1.020.stderr,d12f2f76cefebe46a98756bdf1df42bc4240404c29d71e11c1f9a810197fa374,942330b6c2c6d22483969d9b9211e278b1e86598083980c2e80ca60718e71a08
casc-30,fne,LCL688+1.005,mrs,240,Timeout,Theorem,unknown,238.223,8213,strategies=8 workers=8 strategy_ids=0:11;1:8;2:4;3:15;4:10;5:3;6:12;7:1 result=Timeout elapsed_ms=238109 timeout=8 saturated=0 processed=120235 generated=726879 passive=55861 weight_discarded=0 lrs_discarded=296212 fwd_subsumed=87174 shared_published=0 shared_imported=0 parent_guidance_pruned=0 parent_guidance_sampled=0,505.0,raw/mrs/fne/LCL688+1.005.stdout,raw/mrs/fne/LCL688+1.005.stderr,5340b7ea04e332335c56cd1f46e8b6b23f5100d19cf65bc9912f82c375570a71,ad3dcc1e40d917b6f340b9af4e918dd43d8fad23b3390e9495744662bf69de4e
casc-30,fne,LCL876+1,mrs,240,Timeout,Theorem,unknown,238.041,25615,strategies=8 workers=8 strategy_ids=0:11;1:8;2:4;3:15;4:10;5:3;6:12;7:1 result=Timeout elapsed_ms=237927 timeout=8 saturated=0 processed=9551 generated=755184 passive=93333 weight_discarded=0 lrs_discarded=640891 fwd_subsumed=9327 shared_published=0 shared_imported=0 parent_guidance_pruned=0 parent_guidance_sampled=0,40.1,raw/mrs/fne/LCL876+1.stdout,raw/mrs/fne/LCL876+1.stderr,473406a798dcb94271f61eea45ec23acd92725595eddaf8a435e217e9b9b98b7,200dddd16bd2311633f054f6866eb6ae31542b5bc1de0aa0ea049219a53133f9
casc-30,fne,LCL978+1,mrs,240,Timeout,Theorem,unknown,237.497,41999,strategies=8 workers=8 strategy_ids=0:11;1:8;2:4;3:15;4:10;5:3;6:12;7:1 result=Timeout elapsed_ms=237342 timeout=8 saturated=0 processed=9511 generated=508191 passive=67782 weight_discarded=0 lrs_discarded=419157 fwd_subsumed=8081 shared_published=0 shared_imported=0 parent_guidance_pruned=0 parent_guidance_sampled=0,40.1,raw/mrs/fne/LCL978+1.stdout,raw/mrs/fne/LCL978+1.stderr,731bec56e0b45537bf424c93c61bd6d4471daea2d28a4f971bd32db0e9eb1b85,16a6d6369f189acb95fcb3d2282f92e1efaecd8725d308fedfaf87d78c2292df
casc-30,fne,LCL982+1,mrs,240,Theorem,Theorem,ok,.042,2125,strategies=8 workers=8 strategy_ids=0:11;1:8;2:4;3:15;4:10;5:3;6:12;7:1 result=Refutation elapsed_ms=6 timeout=7 saturated=0 processed=64 generated=80 passive=32 weight_discarded=8 lrs_discarded=0 fwd_subsumed=0 shared_published=0 shared_imported=0 parent_guidance_pruned=0 parent_guidance_sampled=0 proof_nodes=21 proof_bytes=5009 proof_emitted=true,10666.7,raw/mrs/fne/LCL982+1.stdout,raw/mrs/fne/LCL982+1.stderr,194da5a7812dd1d940b740fdfad0210fcc4133d80c244123cf984f3c284531a2,2f510d4ed7ba3e94db5e11243f6bdd68b0c457b25295b321fb1f1f7ecad052c0
casc-30,fne,LCL981+1,mrs,240,Timeout,Theorem,unknown,237.498,41999,strategies=8 workers=8 strategy_ids=0:11;1:8;2:4;3:15;4:10;5:3;6:12;7:1 result=Timeout elapsed_ms=237353 timeout=8 saturated=0 processed=10686 generated=606341 passive=71455 weight_discarded=77 lrs_discarded=507980 fwd_subsumed=13681 shared_published=0 shared_imported=0 parent_guidance_pruned=0 parent_guidance_sampled=0,45.0,raw/mrs/fne/LCL981+1.stdout,raw/mrs/fne/LCL981+1.stderr,e95824d800223ab99cce3ea1b0d18532f851983bcd758c6943387de14d13e2d8,fa1afb42beb746874fb3496dc79a2903cb2b96adf14de9dc2622d4d2fed94a55
casc-30,fne,MED007+1,mrs,240,Theorem,Theorem,ok,51.564,9238,strategies=8 workers=8 strategy_ids=0:11;1:8;2:4;3:15;4:10;5:3;6:12;7:1 result=Refutation elapsed_ms=51426 timeout=7 saturated=0 processed=58735 generated=1313951 passive=420908 weight_discarded=0 lrs_discarded=432550 fwd_subsumed=52887 shared_published=0 shared_imported=0 parent_guidance_pruned=0 parent_guidance_sampled=0 proof_nodes=104714 proof_bytes=26735923 proof_emitted=false,1142.1,raw/mrs/fne/MED007+1.stdout,raw/mrs/fne/MED007+1.stderr,0a79b23bbd1a1bed919aacda6361127e99aa5e1ff6513852c752d5a71516ad84,f6b36fe9abc73d7aee5563c713013ed22ca246a3c2f7fef5e221c0cd8d194732
casc-30,fne,MGT067+1,mrs,240,Theorem,Theorem,ok,.130,2125,strategies=8 workers=8 strategy_ids=0:11;1:8;2:4;3:15;4:10;5:3;6:12;7:1 result=Refutation elapsed_ms=44 timeout=7 saturated=0 processed=3480 generated=4117 passive=1606 weight_discarded=8 lrs_discarded=0 fwd_subsumed=105 shared_published=0 shared_imported=0 parent_guidance_pruned=0 parent_guidance_sampled=0 proof_nodes=251 proof_bytes=65529 proof_emitted=true,79090.9,raw/mrs/fne/MGT067+1.stdout,raw/mrs/fne/MGT067+1.stderr,3f431e766339f56bd21d224426f43e8df080ed8449ca3267f52790ef2710bf99,1ddeb3bcf42b259e9576a5271ab703b13751bc725a159456722d88303f8bc427
casc-30,fne,MED009+1,mrs,240,Theorem,Theorem,ok,24.834,6163,strategies=8 workers=8 strategy_ids=0:11;1:8;2:4;3:15;4:10;5:3;6:12;7:1 result=Refutation elapsed_ms=24708 timeout=7 saturated=0 processed=40593 generated=808479 passive=385683 weight_discarded=0 lrs_discarded=62783 fwd_subsumed=30433 shared_published=0 shared_imported=0 parent_guidance_pruned=0 parent_guidance_sampled=0 proof_nodes=70685 proof_bytes=17071014 proof_emitted=false,1642.9,raw/mrs/fne/MED009+1.stdout,raw/mrs/fne/MED009+1.stderr,d66a644d84c2f4626d4f222a6544a771657189513cacc496f5262f897a8220e0,58e1c31c1ce99a8ec93a070f380e5b76e9e921dec1346a1f1c8d5b65a4f27499
casc-30,fne,NLP260+1,mrs,240,Timeout,Theorem,unknown,240.000,60280,,,raw/mrs/fne/NLP260+1.stdout,raw/mrs/fne/NLP260+1.stderr,e3b0c44298fc1c149afbf4c8996fb92427ae41e4649b934ca495991b7852b855,ac61b06c5aecf4b2e017308078bcba13d4765897f8ae485acb12e094497c3923
casc-30,fne,NLP261+1,mrs,240,Timeout,Theorem,unknown,240.000,54979,,,raw/mrs/fne/NLP261+1.stdout,raw/mrs/fne/NLP261+1.stderr,e3b0c44298fc1c149afbf4c8996fb92427ae41e4649b934ca495991b7852b855,04d2dc6757aa8398c4ae2f31eb8fe45999a4a838dba78104808ab96e8b3016eb
casc-30,fne,NLP262+1,mrs,240,Timeout,Theorem,unknown,240.000,59452,,,raw/mrs/fne/NLP262+1.stdout,raw/mrs/fne/NLP262+1.stderr,e3b0c44298fc1c149afbf4c8996fb92427ae41e4649b934ca495991b7852b855,9403718ca9c89c62377d62be9b8e704e8d6dfdd2ea38e1f81f38b359d5001e3b
casc-30,fne,NUN056+1,mrs,240,GaveUp,Theorem,unknown,238.660,19963,strategies=8 workers=8 strategy_ids=0:11;1:8;2:4;3:15;4:10;5:3;6:12;7:1 result=GaveUp elapsed_ms=238449 timeout=7 saturated=0 processed=45145 generated=5439562 passive=85332 weight_discarded=0 lrs_discarded=5106275 fwd_subsumed=67471 shared_published=0 shared_imported=0 parent_guidance_pruned=0 parent_guidance_sampled=0,189.3,raw/mrs/fne/NUN056+1.stdout,raw/mrs/fne/NUN056+1.stderr,3de98a771c57184f2cf92599456df6c82bb66536e34d698c3e4b85a268c28b78,3a776947d79d943119baf0a83be6bb38249d45b70bd63a622c57a3fb1b044a20
casc-30,fne,NUN060+1,mrs,240,Theorem,Theorem,ok,.055,2125,strategies=8 workers=8 strategy_ids=0:11;1:8;2:4;3:15;4:10;5:3;6:12;7:1 result=Refutation elapsed_ms=18 timeout=7 saturated=0 processed=1186 generated=2298 passive=1476 weight_discarded=0 lrs_discarded=0 fwd_subsumed=117 shared_published=0 shared_imported=0 parent_guidance_pruned=0 parent_guidance_sampled=0 proof_nodes=25 proof_bytes=4108 proof_emitted=true,65888.9,raw/mrs/fne/NUN060+1.stdout,raw/mrs/fne/NUN060+1.stderr,de15031ef7e27c138d3ac67336122ca5ec32f467eed6dd28976ce323b4896774,c9fccb2faa8df445de8847a86e586902f97958a0558eb719071e8315ff673162
casc-30,fne,NUN066+1,mrs,240,Theorem,Theorem,ok,32.901,7182,strategies=8 workers=8 strategy_ids=0:11;1:8;2:4;3:15;4:10;5:3;6:12;7:1 result=Refutation elapsed_ms=32783 timeout=7 saturated=0 processed=26535 generated=1967805 passive=358373 weight_discarded=0 lrs_discarded=1532740 fwd_subsumed=17980 shared_published=0 shared_imported=0 parent_guidance_pruned=0 parent_guidance_sampled=0 proof_nodes=118 proof_bytes=17899 proof_emitted=true,809.4,raw/mrs/fne/NUN066+1.stdout,raw/mrs/fne/NUN066+1.stderr,70b4077b5b87f5c9143cc851d40c2cbd8ee6fdbf4ca5b0eb3e50b2718ed654fe,bf15c1d4a18657a22762cae5b3e3808283affcccff91f1d2f6be401c838e047a
casc-30,fne,NUN057+1,mrs,240,GaveUp,Theorem,unknown,238.590,19963,strategies=8 workers=8 strategy_ids=0:11;1:8;2:4;3:15;4:10;5:3;6:12;7:1 result=GaveUp elapsed_ms=238428 timeout=7 saturated=0 processed=44698 generated=5819464 passive=52850 weight_discarded=0 lrs_discarded=5509546 fwd_subsumed=64326 shared_published=0 shared_imported=0 parent_guidance_pruned=0 parent_guidance_sampled=0,187.5,raw/mrs/fne/NUN057+1.stdout,raw/mrs/fne/NUN057+1.stderr,5b026d724ff94382b3da5e6eed74fdf11a6759bb3f64ac4c92ce9a3f4d8b0e7c,a72812a349fde7ad4fb8158fe05c01e7ecbc52db648e8bbc4d2429de66bec141
casc-30,fne,NUN072+1,mrs,240,GaveUp,Theorem,unknown,238.597,19964,strategies=8 workers=8 strategy_ids=0:11;1:8;2:4;3:15;4:10;5:3;6:12;7:1 result=GaveUp elapsed_ms=238429 timeout=7 saturated=0 processed=44892 generated=5734274 passive=61031 weight_discarded=0 lrs_discarded=5417964 fwd_subsumed=64909 shared_published=0 shared_imported=0 parent_guidance_pruned=0 parent_guidance_sampled=0,188.3,raw/mrs/fne/NUN072+1.stdout,raw/mrs/fne/NUN072+1.stderr,c3539b957a42831ce290eea8c7a5b17e7a069b3bffbf16ee8b668679abbb75b7,cc191522208426760ccebdd466e463b754510f23b2e08c8e4c0575d48eefb6be
casc-30,fne,NUN081+1,mrs,240,Theorem,Theorem,ok,.082,2125,strategies=8 workers=8 strategy_ids=0:11;1:8;2:4;3:15;4:10;5:3;6:12;7:1 result=Refutation elapsed_ms=11 timeout=7 saturated=0 processed=669 generated=841 passive=669 weight_discarded=0 lrs_discarded=0 fwd_subsumed=38 shared_published=0 shared_imported=0 parent_guidance_pruned=0 parent_guidance_sampled=0 proof_nodes=21 proof_bytes=3524 proof_emitted=true,60818.2,raw/mrs/fne/NUN081+1.stdout,raw/mrs/fne/NUN081+1.stderr,248272981e105d1742b8b0b3697039b0f658e48fd7f260f40e10c20b1c0ab827,688806f7980a530904de92a5a29da91b438fb6db1f7a58de837083ca1245dea3
casc-30,fne,NUN075+1,mrs,240,Timeout,Theorem,unknown,238.507,19471,strategies=8 workers=8 strategy_ids=0:11;1:8;2:4;3:15;4:10;5:3;6:12;7:1 result=Timeout elapsed_ms=238295 timeout=8 saturated=0 processed=45451 generated=5248585 passive=53006 weight_discarded=0 lrs_discarded=4930387 fwd_subsumed=68173 shared_published=0 shared_imported=0 parent_guidance_pruned=0 parent_guidance_sampled=0,190.7,raw/mrs/fne/NUN075+1.stdout,raw/mrs/fne/NUN075+1.stderr,19e3aefeab26548f5990c7ed787edd692db23c97109a679123848cc9f73eb575,a215be633e34f17a1be48c22dc28eb880df6c8bc24c138747e0272372ab0de3e
casc-30,fne,NUN085+1,mrs,240,Timeout,Theorem,unknown,238.583,21537,strategies=8 workers=8 strategy_ids=0:11;1:8;2:4;3:15;4:10;5:3;6:12;7:1 result=Timeout elapsed_ms=238377 timeout=8 saturated=0 processed=55573 generated=4867975 passive=90992 weight_discarded=0 lrs_discarded=4033241 fwd_subsumed=43924 shared_published=0 shared_imported=0 parent_guidance_pruned=0 parent_guidance_sampled=0,233.1,raw/mrs/fne/NUN085+1.stdout,raw/mrs/fne/NUN085+1.stderr,50ecd9ca2f2e68089bc1f09981adba895539bea8a0de35fc60665c6542b7a422,dc8d2d9c8f1f5f728709157be2cb7dc5745a7f05cc2cf85b6232103bbfd494a3
casc-30,fne,NUN087+1,mrs,240,GaveUp,Theorem,unknown,238.634,19964,strategies=8 workers=8 strategy_ids=0:11;1:8;2:4;3:15;4:10;5:3;6:12;7:1 result=GaveUp elapsed_ms=238484 timeout=7 saturated=0 processed=44521 generated=5701273 passive=60559 weight_discarded=0 lrs_discarded=5404558 fwd_subsumed=63862 shared_published=0 shared_imported=0 parent_guidance_pruned=0 parent_guidance_sampled=0,186.7,raw/mrs/fne/NUN087+1.stdout,raw/mrs/fne/NUN087+1.stderr,61e65d5cbeaa8a2520f56fc12d8eb5d6fed23c8363d00beaa4c30a38713d75da,f7057fb70966966f6b2398a5a7a66f9245e5a6e7ea413bd038595f56ee5412d3
casc-30,fne,SWB012+3,mrs,240,Timeout,Theorem,unknown,238.274,11284,strategies=8 workers=8 strategy_ids=0:11;1:8;2:4;3:15;4:10;5:3;6:12;7:1 result=Timeout elapsed_ms=238134 timeout=8 saturated=0 processed=357511 generated=2098362 passive=60152 weight_discarded=0 lrs_discarded=1452205 fwd_subsumed=46606 shared_published=0 shared_imported=0 parent_guidance_pruned=0 parent_guidance_sampled=0,1501.3,raw/mrs/fne/SWB012+3.stdout,raw/mrs/fne/SWB012+3.stderr,fc8490d280fb617e24f7cd512160c0f2376c0af2a63645794dc5dc21c7ae8f73,19a1d66da2eaceabd4b6a017f04a44bbae09be225b5133aef3836eacfad19a44
casc-30,fne,SWB014+3,mrs,240,GaveUp,Theorem,unknown,238.262,9236,strategies=8 workers=8 strategy_ids=0:11;1:8;2:4;3:15;4:10;5:3;6:12;7:1 result=GaveUp elapsed_ms=238094 timeout=7 saturated=0 processed=325402 generated=1868446 passive=48965 weight_discarded=0 lrs_discarded=1299662 fwd_subsumed=43587 shared_published=0 shared_imported=0 parent_guidance_pruned=0 parent_guidance_sampled=0,1366.7,raw/mrs/fne/SWB014+3.stdout,raw/mrs/fne/SWB014+3.stderr,a37c260f37fd244c3aac2c334fb7e131aa3ec0ac30fdd36c63c1361e7807141c,43e694b92a0c1305cacdc00f37477000cf0e6101956b6d9461600e65cb7f5a0c
casc-30,fne,SYN353+1,mrs,240,Theorem,Theorem,ok,27.050,4110,strategies=8 workers=8 strategy_ids=0:11;1:8;2:4;3:15;4:10;5:3;6:12;7:1 result=Refutation elapsed_ms=26984 timeout=7 saturated=0 processed=10020 generated=281006 passive=162636 weight_discarded=1663 lrs_discarded=55756 fwd_subsumed=17302 shared_published=0 shared_imported=0 parent_guidance_pruned=0 parent_guidance_sampled=0 proof_nodes=179 proof_bytes=43835 proof_emitted=true,371.3,raw/mrs/fne/SYN353+1.stdout,raw/mrs/fne/SYN353+1.stderr,298db044db32b83c417966bffe906d49df6b3a0d43357f7f9c6a3b6d3f33cd7f,4fb4e4da2d56eb2b39f315b89cf3021e8c0ee99a1c73ca09c2acdb70cd53247b
casc-30,fne,SWV014+1,mrs,240,Timeout,Theorem,unknown,238.179,9230,strategies=8 workers=8 strategy_ids=0:11;1:8;2:4;3:15;4:10;5:3;6:12;7:1 result=Timeout elapsed_ms=238040 timeout=8 saturated=0 processed=24147 generated=3114734 passive=103230 weight_discarded=0 lrs_discarded=2986976 fwd_subsumed=685 shared_published=0 shared_imported=0 parent_guidance_pruned=0 parent_guidance_sampled=0,101.4,raw/mrs/fne/SWV014+1.stdout,raw/mrs/fne/SWV014+1.stderr,43cb13fa9389b7235457eff56d827eeb697d4157a3b6504ecb18cf9a8230c73d,d9e94967db23e510618fae37131a528203628ff3e1b5de2bdec2e3fb2df0ca4f
casc-30,fne,SYN938+1,mrs,240,Theorem,Theorem,ok,.270,2125,strategies=8 workers=8 strategy_ids=0:11;1:8;2:4;3:15;4:10;5:3;6:12;7:1 result=Refutation elapsed_ms=193 timeout=6 saturated=0 processed=6436 generated=5786 passive=1939 weight_discarded=0 lrs_discarded=0 fwd_subsumed=907 shared_published=0 shared_imported=0 parent_guidance_pruned=0 parent_guidance_sampled=0 proof_nodes=1751 proof_bytes=273948 proof_emitted=true,33347.2,raw/mrs/fne/SYN938+1.stdout,raw/mrs/fne/SYN938+1.stderr,cf2b230b561156b02e1d61de1aa24932fe7bc96ebcbd80aa18b61367b796c63a,387dceae2908ceedf349e3e8b080b9ea45f8000e10256677e09b254b28bdd378
casc-30,fne,SYN457+1,mrs,240,Timeout,Theorem,unknown,239.030,23567,strategies=8 workers=8 strategy_ids=0:11;1:8;2:4;3:15;4:10;5:3;6:12;7:1 result=Timeout elapsed_ms=238778 timeout=8 saturated=0 processed=61416 generated=1446922 passive=45547 weight_discarded=0 lrs_discarded=1241604 fwd_subsumed=101987 shared_published=0 shared_imported=0 parent_guidance_pruned=0 parent_guidance_sampled=0 instgen_attempted=true instgen_route=pure_relational_epr instgen_rounds=2 instgen_instances=2498 instgen_vars=444 instgen_clauses=2938 instgen_ms=750 instgen_est=1329056 instgen_budget_ms=750 instgen_budget_rounds=80 instgen_budget_instances=20000 instgen_result=fallback instgen_fallback=timeout,257.2,raw/mrs/fne/SYN457+1.stdout,raw/mrs/fne/SYN457+1.stderr,995d3b6a0976d58a824660f11cae9ef2a8aaca796bfd8340b80b6a25867e39f3,761663b95562d70791db2090bc2c0292b4683c738ab238bcac34d30df13036ba
casc-30,fne,SYN986+1.004,mrs,240,GaveUp,Theorem,unknown,248.576,2125,strategies=8 workers=8 strategy_ids=0:11;1:8;2:4;3:15;4:10;5:3;6:12;7:1 result=GaveUp elapsed_ms=248519 timeout=2 saturated=0 processed=596 generated=1080 passive=12 weight_discarded=15 lrs_discarded=0 fwd_subsumed=231 shared_published=0 shared_imported=0 parent_guidance_pruned=0 parent_guidance_sampled=0,2.4,raw/mrs/fne/SYN986+1.004.stdout,raw/mrs/fne/SYN986+1.004.stderr,876e2f1730197d06a0e8fbab151446e7a1198ca7ce37a2b2a7e7e8f47259613c,8ba142467ec6cd50d4500c440eac620390c6b24ce806e1839bcd7e41baabcce3
casc-30,fne,SYO606+1,mrs,240,Theorem,Theorem,ok,1.398,2125,strategies=8 workers=8 strategy_ids=0:11;1:8;2:4;3:15;4:10;5:3;6:12;7:1 result=Refutation elapsed_ms=1340 timeout=7 saturated=0 processed=16614 generated=80822 passive=23078 weight_discarded=0 lrs_discarded=0 fwd_subsumed=11143 shared_published=0 shared_imported=0 parent_guidance_pruned=0 parent_guidance_sampled=0 proof_nodes=10084 proof_bytes=2185631 proof_emitted=true,12398.5,raw/mrs/fne/SYO606+1.stdout,raw/mrs/fne/SYO606+1.stderr,93846297f299d566eb454c1dfe6d4abb4e9ded9d194948dc917f1cba35a85358,132a3dbc13d322a07ab5dddc386df59279b78b326965059a5d4f1656ae846d5b
casc-30,fne,SYO604+1,mrs,240,GaveUp,Theorem,unknown,238.477,17434,strategies=8 workers=8 strategy_ids=0:11;1:8;2:4;3:15;4:10;5:3;6:12;7:1 result=GaveUp elapsed_ms=238306 timeout=7 saturated=0 processed=75523 generated=2322555 passive=47545 weight_discarded=0 lrs_discarded=1360432 fwd_subsumed=175753 shared_published=0 shared_imported=0 parent_guidance_pruned=0 parent_guidance_sampled=0,316.9,raw/mrs/fne/SYO604+1.stdout,raw/mrs/fne/SYO604+1.stderr,ebcdc413ffbb7cb62ec93118eccd1fe43d169cf8111a86071b630669fe0069ac,e1f15f842198f6248e9ab7e99d9366cd836b5ef5b04f5661ef0de03461c1b317
