problem	prod_stop	prod_facts	prod_inferences	prod_ms	wide_stop	wide_facts	wide_inferences	wide_ms
LCL062+1	deadline	4359	35736	1000	max_facts	100000	578280	19963
LCL109+1	max_facts	5000	25900	508	max_facts	100000	647180	12246
LCL365+1	deadline	4308	35492	1000	max_facts	100000	1074996	46289
LCL365+2	deadline	2590	55818	1000	deadline	29366	1801810	60000
LCL368+1	deadline	4138	33886	1000	max_facts	100000	1356172	42646
LCL368+2	deadline	2477	53920	1000	max_inferences	31684	2000002	46684
LCL369+1	max_facts	5000	18082	706	max_facts	100000	413054	16889
LCL370+2	deadline	2474	64074	1000	max_inferences	45465	2000002	55355
LCL373+2	deadline	2475	64142	1000	max_inferences	45465	2000002	54163
LCL374+1	deadline	4177	34010	1001	max_facts	100000	1356172	40559
LCL374+2	deadline	2477	53982	1000	max_inferences	31684	2000002	46735
LCL376+1	max_facts	5000	14610	762	max_facts	100000	325196	15132
LCL377+1	max_facts	5000	14806	927	deadline	67509	462382	60000
LCL383+1	max_facts	5000	18082	648	max_facts	100000	413054	15727
LCL383+2	deadline	2515	55340	1000	max_inferences	31684	2000002	45078
LCL390+1	max_facts	5000	18360	419	max_facts	100000	922056	44084
LCL390+2	deadline	2412	62152	1000	max_inferences	63702	2000002	49094
LCL392+1	max_facts	5000	18154	632	max_facts	100000	486876	15968
LCL392+2	deadline	2426	54674	1000	max_inferences	30572	2000002	53127
LCL393+2	deadline	2438	55028	1000	max_inferences	30572	2000002	53905
LCL394+2	deadline	2727	55708	1000	max_inferences	32256	2000002	49401
LCL403+2	facts_exhausted	40	3512	25	facts_exhausted	40	3512	26
LCL640+1.005	no_fragment	0	0	0	no_fragment	0	0	0
LCL642+1.010	no_fragment	0	0	0	no_fragment	0	0	0
LCL642+1.015	no_fragment	0	0	0	no_fragment	0	0	0
LCL656+1.015	no_fragment	0	0	0	no_fragment	0	0	0
LCL660+1.015	no_fragment	0	0	0	no_fragment	0	0	0
LCL660+1.020	no_fragment	0	0	0	no_fragment	0	0	0
LCL670+1.010	no_fragment	0	0	0	no_fragment	0	0	0
LCL680+1.005	no_fragment	0	0	0	no_fragment	0	0	0
LCL682+1.015	no_fragment	0	0	0	no_fragment	0	0	0
LCL682+1.020	no_fragment	0	0	0	no_fragment	0	0	0
LCL688+1.005	no_fragment	0	0	0	no_fragment	0	0	0
LCL876+1	max_facts	5000	16586	349	max_facts	100000	1708096	27200
LCL978+1	deadline	3894	57600	1000	max_inferences	15404	2000002	27154
LCL981+1	deadline	427	17882	1000	deadline	6097	357892	60000
LCL982+1	facts_exhausted	2	10	0	facts_exhausted	2	10	0
