edition,division,problem,arm,szs_status,cd_shape,cd_stop,cd_facts,cd_inferences,cd_elapsed_ms,cd_budget_ms,strict,proof_path
casc-30,fne,LCL062+1,prod,Timeout,matched,deadline,4359,35736,1000,1000,n/a,
casc-30,fne,LCL109+1,prod,Timeout,matched,max_facts,5000,25900,508,1000,n/a,
casc-30,fne,LCL365+1,prod,Timeout,matched,deadline,4308,35492,1000,1000,n/a,
casc-30,fne,LCL365+2,prod,Timeout,matched,deadline,2590,55818,1000,1000,n/a,
casc-30,fne,LCL368+1,prod,Timeout,matched,deadline,4138,33886,1000,1000,n/a,
casc-30,fne,LCL368+2,prod,Timeout,matched,deadline,2477,53920,1000,1000,n/a,
casc-30,fne,LCL369+1,prod,Timeout,matched,max_facts,5000,18082,706,1000,n/a,
casc-30,fne,LCL370+2,prod,Timeout,matched,deadline,2474,64074,1000,1000,n/a,
casc-30,fne,LCL373+2,prod,Timeout,matched,deadline,2475,64142,1000,1000,n/a,
casc-30,fne,LCL374+1,prod,Timeout,matched,deadline,4177,34010,1001,1000,n/a,
casc-30,fne,LCL374+2,prod,Timeout,matched,deadline,2477,53982,1000,1000,n/a,
casc-30,fne,LCL376+1,prod,Timeout,matched,max_facts,5000,14610,762,1000,n/a,
casc-30,fne,LCL377+1,prod,Timeout,matched,max_facts,5000,14806,927,1000,n/a,
casc-30,fne,LCL383+1,prod,Timeout,matched,max_facts,5000,18082,648,1000,n/a,
casc-30,fne,LCL383+2,prod,Timeout,matched,deadline,2515,55340,1000,1000,n/a,
casc-30,fne,LCL390+1,prod,Timeout,matched,max_facts,5000,18360,419,1000,n/a,
casc-30,fne,LCL390+2,prod,Timeout,matched,deadline,2412,62152,1000,1000,n/a,
casc-30,fne,LCL392+1,prod,Timeout,matched,max_facts,5000,18154,632,1000,n/a,
casc-30,fne,LCL392+2,prod,Timeout,matched,deadline,2426,54674,1000,1000,n/a,
casc-30,fne,LCL393+2,prod,Timeout,matched,deadline,2438,55028,1000,1000,n/a,
casc-30,fne,LCL394+2,prod,Timeout,matched,deadline,2727,55708,1000,1000,n/a,
casc-30,fne,LCL403+2,prod,Timeout,matched,facts_exhausted,40,3512,25,1000,n/a,
casc-30,fne,LCL640+1.005,prod,Timeout,unmatched,no_fragment,0,0,0,1000,n/a,
casc-30,fne,LCL642+1.010,prod,Timeout,unmatched,no_fragment,0,0,0,1000,n/a,
casc-30,fne,LCL642+1.015,prod,Timeout,unmatched,no_fragment,0,0,0,1000,n/a,
casc-30,fne,LCL656+1.015,prod,Timeout,unmatched,no_fragment,0,0,0,1000,n/a,
casc-30,fne,LCL660+1.015,prod,Timeout,unmatched,no_fragment,0,0,0,1000,n/a,
casc-30,fne,LCL660+1.020,prod,Timeout,unmatched,no_fragment,0,0,0,1000,n/a,
casc-30,fne,LCL670+1.010,prod,Timeout,unmatched,no_fragment,0,0,0,1000,n/a,
casc-30,fne,LCL680+1.005,prod,Timeout,unmatched,no_fragment,0,0,0,1000,n/a,
casc-30,fne,LCL682+1.015,prod,Timeout,unmatched,no_fragment,0,0,0,1000,n/a,
casc-30,fne,LCL682+1.020,prod,Timeout,unmatched,no_fragment,0,0,0,1000,n/a,
casc-30,fne,LCL688+1.005,prod,Timeout,unmatched,no_fragment,0,0,0,1000,n/a,
casc-30,fne,LCL876+1,prod,Timeout,matched,max_facts,5000,16586,349,1000,n/a,
casc-30,fne,LCL978+1,prod,Timeout,matched,deadline,3894,57600,1000,1000,n/a,
casc-30,fne,LCL981+1,prod,Timeout,matched,deadline,427,17882,1000,1000,n/a,
casc-30,fne,LCL982+1,prod,Theorem,matched,facts_exhausted,2,10,0,1000,VerifiedGood,/home/hack/mrs/crates/mrs-bench/results/cd-probe-20261001_231805/prod/LCL982+1.tstp
casc-30,fne,LCL062+1,wide,Timeout,matched,max_facts,100000,578280,19963,60000,n/a,
casc-30,fne,LCL109+1,wide,Timeout,matched,max_facts,100000,647180,12246,60000,n/a,
casc-30,fne,LCL365+1,wide,Timeout,matched,max_facts,100000,1074996,46289,60000,n/a,
casc-30,fne,LCL365+2,wide,Timeout,matched,deadline,29366,1801810,60000,60000,n/a,
casc-30,fne,LCL368+1,wide,Timeout,matched,max_facts,100000,1356172,42646,60000,n/a,
casc-30,fne,LCL368+2,wide,Timeout,matched,max_inferences,31684,2000002,46684,60000,n/a,
casc-30,fne,LCL369+1,wide,Timeout,matched,max_facts,100000,413054,16889,60000,n/a,
casc-30,fne,LCL370+2,wide,Timeout,matched,max_inferences,45465,2000002,55355,60000,n/a,
casc-30,fne,LCL373+2,wide,Timeout,matched,max_inferences,45465,2000002,54163,60000,n/a,
casc-30,fne,LCL374+1,wide,Timeout,matched,max_facts,100000,1356172,40559,60000,n/a,
casc-30,fne,LCL374+2,wide,Timeout,matched,max_inferences,31684,2000002,46735,60000,n/a,
casc-30,fne,LCL376+1,wide,Timeout,matched,max_facts,100000,325196,15132,60000,n/a,
casc-30,fne,LCL377+1,wide,Timeout,matched,deadline,67509,462382,60000,60000,n/a,
casc-30,fne,LCL383+1,wide,Timeout,matched,max_facts,100000,413054,15727,60000,n/a,
casc-30,fne,LCL383+2,wide,Timeout,matched,max_inferences,31684,2000002,45078,60000,n/a,
casc-30,fne,LCL390+1,wide,Timeout,matched,max_facts,100000,922056,44084,60000,n/a,
casc-30,fne,LCL390+2,wide,Timeout,matched,max_inferences,63702,2000002,49094,60000,n/a,
casc-30,fne,LCL392+1,wide,Timeout,matched,max_facts,100000,486876,15968,60000,n/a,
casc-30,fne,LCL392+2,wide,Timeout,matched,max_inferences,30572,2000002,53127,60000,n/a,
casc-30,fne,LCL393+2,wide,Timeout,matched,max_inferences,30572,2000002,53905,60000,n/a,
casc-30,fne,LCL394+2,wide,Timeout,matched,max_inferences,32256,2000002,49401,60000,n/a,
casc-30,fne,LCL403+2,wide,Timeout,matched,facts_exhausted,40,3512,26,60000,n/a,
casc-30,fne,LCL640+1.005,wide,Timeout,unmatched,no_fragment,0,0,0,60000,n/a,
casc-30,fne,LCL642+1.010,wide,Theorem,unmatched,no_fragment,0,0,0,60000,Unknown,/home/hack/mrs/crates/mrs-bench/results/cd-probe-20261001_231805/wide/LCL642+1.010.tstp
casc-30,fne,LCL642+1.015,wide,Timeout,unmatched,no_fragment,0,0,0,60000,n/a,
casc-30,fne,LCL656+1.015,wide,Timeout,unmatched,no_fragment,0,0,0,60000,n/a,
casc-30,fne,LCL660+1.015,wide,Timeout,unmatched,no_fragment,0,0,0,60000,n/a,
casc-30,fne,LCL660+1.020,wide,Timeout,unmatched,no_fragment,0,0,0,60000,n/a,
casc-30,fne,LCL670+1.010,wide,Timeout,unmatched,no_fragment,0,0,0,60000,n/a,
casc-30,fne,LCL680+1.005,wide,Timeout,unmatched,no_fragment,0,0,0,60000,n/a,
casc-30,fne,LCL682+1.015,wide,Timeout,unmatched,no_fragment,0,0,0,60000,n/a,
casc-30,fne,LCL682+1.020,wide,Timeout,unmatched,no_fragment,0,0,0,60000,n/a,
casc-30,fne,LCL688+1.005,wide,Timeout,unmatched,no_fragment,0,0,0,60000,n/a,
casc-30,fne,LCL876+1,wide,Timeout,matched,max_facts,100000,1708096,27200,60000,n/a,
casc-30,fne,LCL978+1,wide,Timeout,matched,max_inferences,15404,2000002,27154,60000,n/a,
casc-30,fne,LCL981+1,wide,Timeout,matched,deadline,6097,357892,60000,60000,n/a,
casc-30,fne,LCL982+1,wide,Theorem,matched,facts_exhausted,2,10,0,60000,VerifiedGood,/home/hack/mrs/crates/mrs-bench/results/cd-probe-20261001_231805/wide/LCL982+1.tstp
