GRP123-4.004	Satisfiable
GRP123-6.005	Satisfiable
GRP123-8.004	Satisfiable
GRP124-3.005	Satisfiable
GRP124-4.005	Satisfiable
GRP124-9.005	Satisfiable
GRP125-2.004	Satisfiable
GRP125-3.004	Satisfiable
GRP125-4.004	Satisfiable
GRP126-2.005	Satisfiable
GRP126-4.005	Satisfiable
GRP128-3.004	Satisfiable
GRP128-4.004	Satisfiable
GRP129-3.005	Satisfiable
GRP129-4.005	Satisfiable
GRP130-3.004	Satisfiable
GRP132-1.005	Satisfiable
NLP115-1	Satisfiable
NLP116-1	Satisfiable
NLP118-1	Satisfiable
NLP120-1	Satisfiable
NLP121-1	Satisfiable
NLP123-1	Satisfiable
PUZ001-3	Satisfiable
PUZ018-2	Satisfiable
PUZ028-1	Satisfiable
PUZ028-2	Satisfiable
PUZ028-3	Satisfiable
PUZ028-4	Satisfiable
SYN056-1	Satisfiable
SYN059-1	Satisfiable
SYN307-1	Satisfiable
SYN317-1	Satisfiable
SYN322-1	Satisfiable
SYN438-1	Satisfiable
SYN446-1	Satisfiable
SYN490-1	Satisfiable
SYN494-1	Satisfiable
SYN515-1	Satisfiable
SYN527-1	Satisfiable
SYN528-1	Satisfiable
SYN720-1	Satisfiable
