edition,division,problem,system,timeout,szs_status,expected,verdict,wall_time_s,peak_memory_mb,failure_detail,raw_stdout_path,raw_stderr_path,raw_stdout_sha256,raw_stderr_sha256
casc-30,eps,GRP123-4.004,mrs,120,Satisfiable,Satisfiable,ok,.570,1037,eps_cert_status=Satisfiable eps_portfolio_status=missing selected=cert workers=7+1 time=118s stopped=portfolio cert_tier=2 cert_ordering=kbo,raw/mrs/eps/GRP123-4.004.stdout,raw/mrs/eps/GRP123-4.004.stderr,002de06ca69a40034c0f7d3b3c34cc5b42aee8360db9d6f52e91dc7cea20336c,ffefd47f28e539e9146c6f51b8845add08f1d417bce0942427554e7e3991c59c
casc-30,eps,GRP123-6.005,mrs,120,Satisfiable,Satisfiable,ok,.582,1037,eps_cert_status=Satisfiable eps_portfolio_status=missing selected=cert workers=7+1 time=118s stopped=portfolio cert_tier=2 cert_ordering=kbo,raw/mrs/eps/GRP123-6.005.stdout,raw/mrs/eps/GRP123-6.005.stderr,08fb6023409bf6ba3085155ce28625dcc6c05a24e171c5826847e3f4664fafeb,069824fdea217b4c481249a9eba0c05abe4f830fd956cdf113f4c4ae7f147d45
casc-30,eps,GRP123-8.004,mrs,120,Satisfiable,Satisfiable,ok,.597,1038,eps_cert_status=Satisfiable eps_portfolio_status=missing selected=cert workers=7+1 time=118s stopped=portfolio cert_tier=2 cert_ordering=kbo,raw/mrs/eps/GRP123-8.004.stdout,raw/mrs/eps/GRP123-8.004.stderr,f461fdd08b056438578c228f70d740d5c85317f40c3c2287611d6fddbc62b37e,9c3d894d3ef9cc4aab95a9f24e3c7b5dd2564614a803b187a81dc712bdef33a2
casc-30,eps,GRP124-3.005,mrs,120,Satisfiable,Satisfiable,ok,1.354,1044,eps_cert_status=Satisfiable eps_portfolio_status=missing selected=cert workers=7+1 time=118s stopped=portfolio cert_tier=2 cert_ordering=kbo,raw/mrs/eps/GRP124-3.005.stdout,raw/mrs/eps/GRP124-3.005.stderr,bb4da6afaefeae62f9a6113b0b91434910f5dcdbe0863c409d0b189ba9a73b13,66c73761f2b966691af90190a2530674b9f2c2225cdc05c3726f551ae6c9a834
casc-30,eps,GRP124-4.005,mrs,120,Satisfiable,Satisfiable,ok,.827,1039,eps_cert_status=Satisfiable eps_portfolio_status=missing selected=cert workers=7+1 time=118s stopped=portfolio cert_tier=2 cert_ordering=kbo,raw/mrs/eps/GRP124-4.005.stdout,raw/mrs/eps/GRP124-4.005.stderr,9191bf63798498f5b20edab28a0b1b03cd7e68b4d12b9cbec12425b8acf52150,37cbb81bb2ddc7531af00c7e6faa8ae4fa4c0b98a6b7cc103109c29b523fcba2
casc-30,eps,GRP124-9.005,mrs,120,Satisfiable,Satisfiable,ok,.591,1037,eps_cert_status=Satisfiable eps_portfolio_status=missing selected=cert workers=7+1 time=118s stopped=portfolio cert_tier=2 cert_ordering=kbo,raw/mrs/eps/GRP124-9.005.stdout,raw/mrs/eps/GRP124-9.005.stderr,24cb0294ba8b484a30e2f0aa051430553ed0c13eb37a1ac6b5a6b62de2309858,a7ceba78d89f66e97645e9cf99c4ce24d242cb17f25934bc61b5d8c22e92b072
casc-30,eps,GRP125-2.004,mrs,120,Satisfiable,Satisfiable,ok,.572,1037,eps_cert_status=Satisfiable eps_portfolio_status=missing selected=cert workers=7+1 time=118s stopped=portfolio cert_tier=2 cert_ordering=kbo,raw/mrs/eps/GRP125-2.004.stdout,raw/mrs/eps/GRP125-2.004.stderr,3ef81136a5a6db70f46bf6cd39c7cd4e8c9f9a922af3bd1e3433dd63deacfd6b,4ad5f9e8f26c609371c082c5fd1bdd57a4e893ad8a20b0a36b0b4f91e61b6e41
casc-30,eps,GRP125-3.004,mrs,120,Satisfiable,Satisfiable,ok,.584,1038,eps_cert_status=Satisfiable eps_portfolio_status=missing selected=cert workers=7+1 time=118s stopped=portfolio cert_tier=2 cert_ordering=kbo,raw/mrs/eps/GRP125-3.004.stdout,raw/mrs/eps/GRP125-3.004.stderr,27cf0a9142e860bf9379e62ace0c5d16cc53c55f50d35785dc19a6fd9af66a90,33a09fa35c460193166e7b55b8acacc70863999eca36958efa837779f30882da
casc-30,eps,GRP125-4.004,mrs,120,Satisfiable,Satisfiable,ok,.568,1037,eps_cert_status=Satisfiable eps_portfolio_status=missing selected=cert workers=7+1 time=118s stopped=portfolio cert_tier=2 cert_ordering=kbo,raw/mrs/eps/GRP125-4.004.stdout,raw/mrs/eps/GRP125-4.004.stderr,998deeb4bf4995bae3a406e155045345276b54cf157ed5d6eeba5d928e842cdf,261cb4a66af5a2432d0fd7f6ab178a7bb73d8759db35e15d6b1e0a240cf1b1cc
casc-30,eps,GRP126-2.005,mrs,120,Satisfiable,Satisfiable,ok,.579,1037,eps_cert_status=Satisfiable eps_portfolio_status=missing selected=cert workers=7+1 time=118s stopped=portfolio cert_tier=2 cert_ordering=kbo,raw/mrs/eps/GRP126-2.005.stdout,raw/mrs/eps/GRP126-2.005.stderr,4e12d6f82cd84981e9e4f2b9362d3f2cfcb7a078bd843284738d741471c18717,2dfcf16fa2624ed9ddc8d3f337325230b9721d90368bef06451e5cd472e2d373
casc-30,eps,GRP126-4.005,mrs,120,Satisfiable,Satisfiable,ok,.572,1037,eps_cert_status=Satisfiable eps_portfolio_status=missing selected=cert workers=7+1 time=118s stopped=portfolio cert_tier=2 cert_ordering=kbo,raw/mrs/eps/GRP126-4.005.stdout,raw/mrs/eps/GRP126-4.005.stderr,1a6e60a0afff3fcf5af13453125962d6b70091c377cf71e55463493619d226ec,cf927399fbd121f490ac9ceffd4d5c640a134064d8babcfbbda6f509bad5b1c7
casc-30,eps,GRP128-3.004,mrs,120,Satisfiable,Satisfiable,ok,.579,1038,eps_cert_status=Satisfiable eps_portfolio_status=missing selected=cert workers=7+1 time=118s stopped=portfolio cert_tier=2 cert_ordering=kbo,raw/mrs/eps/GRP128-3.004.stdout,raw/mrs/eps/GRP128-3.004.stderr,b6fd0a7d74e3ca1b7f4d4703bd8054d767c56ace6bd210a91fda0deb1b275070,c565b3bd48b25c3403392637ec8f1128dce32f09feb357a30b229c59bbedaae3
casc-30,eps,GRP128-4.004,mrs,120,Satisfiable,Satisfiable,ok,.573,1037,eps_cert_status=Satisfiable eps_portfolio_status=missing selected=cert workers=7+1 time=118s stopped=portfolio cert_tier=2 cert_ordering=kbo,raw/mrs/eps/GRP128-4.004.stdout,raw/mrs/eps/GRP128-4.004.stderr,cb9b73f8cac114dfd808d387adfece51cf87c36c678cd4116ead39d6a4d19815,bbd325d2e630a5ea3043542b93b4e2e2bb30dd9d9dbd6d7a3875151393c3f35e
casc-30,eps,GRP129-3.005,mrs,120,Satisfiable,Satisfiable,ok,.593,1040,eps_cert_status=Satisfiable eps_portfolio_status=missing selected=cert workers=7+1 time=118s stopped=portfolio cert_tier=2 cert_ordering=kbo,raw/mrs/eps/GRP129-3.005.stdout,raw/mrs/eps/GRP129-3.005.stderr,74fa677f77d1eb50f3d1828c18f4c9a118415dd1025bcd47a0d536c845b65512,84d171cec54e9dde9ece5febfc1b747564c8fd9b5ea631d6e254fedefb4ea579
casc-30,eps,GRP129-4.005,mrs,120,Satisfiable,Satisfiable,ok,.573,1037,eps_cert_status=Satisfiable eps_portfolio_status=missing selected=cert workers=7+1 time=118s stopped=portfolio cert_tier=2 cert_ordering=kbo,raw/mrs/eps/GRP129-4.005.stdout,raw/mrs/eps/GRP129-4.005.stderr,8924b82be0149ec1dde763cb4a392c50b8b1f7d414fbb5db6e4d4c622d000a58,d63d42eeb1d78655124e83810a408c53196b208715f2ba17345d500a8786c01c
casc-30,eps,GRP130-3.004,mrs,120,Satisfiable,Satisfiable,ok,.579,1038,eps_cert_status=Satisfiable eps_portfolio_status=missing selected=cert workers=7+1 time=118s stopped=portfolio cert_tier=2 cert_ordering=kbo,raw/mrs/eps/GRP130-3.004.stdout,raw/mrs/eps/GRP130-3.004.stderr,14f8b587437e18413f94e6c8ccdb32a55b059df8958b8d917d8545f3d64b393c,0369da668fb98eed4308a480aef50414bca280750cc4dc08bb1ab2130027f208
casc-30,eps,GRP132-1.005,mrs,120,Satisfiable,Satisfiable,ok,.829,1042,eps_cert_status=Satisfiable eps_portfolio_status=missing selected=cert workers=7+1 time=118s stopped=portfolio cert_tier=2 cert_ordering=kbo,raw/mrs/eps/GRP132-1.005.stdout,raw/mrs/eps/GRP132-1.005.stderr,eb5f5e68e8369fbe6a03dede5963a28c39ef57405626d81537d06aa57520e917,71966d137f5153daf1c849c20808fb83adc785b79ec8df10b044a5f40d79c00e
casc-30,eps,HWC004-1,mrs,120,GaveUp,Satisfiable,unknown,.303,1933,eps_cert_status=GaveUp eps_portfolio_status=GaveUp selected=portfolio workers=7+1 time=118s stopped=none  cert_ordering=kbo,raw/mrs/eps/HWC004-1.stdout,raw/mrs/eps/HWC004-1.stderr,685bb03fc8c3a5c6eb4d78a5fc0c0c82ded622d63c56196a8ea728bf20357e22,a133c8dcada7606a7e3bc3b1bcd91005832252a2f7473b3e7d2d1b317fbc454d
casc-30,eps,HWV042-1,mrs,120,GaveUp,Satisfiable,unknown,118.557,3789,eps_cert_status=GaveUp eps_portfolio_status=GaveUp selected=portfolio workers=7+1 time=118s stopped=none  cert_ordering=kbo,raw/mrs/eps/HWV042-1.stdout,raw/mrs/eps/HWV042-1.stderr,5862ec3c829ab3e88d291b5ffa236d254626e6af91e8f6a2cb5c4eecdb7d7582,0e2fc87584d244c5ea5e22ccb36d80cf2d11a7ae39def9af62cd46a3546fbe64
casc-30,eps,HWV042-2,mrs,120,GaveUp,Satisfiable,unknown,118.586,3789,eps_cert_status=GaveUp eps_portfolio_status=GaveUp selected=portfolio workers=7+1 time=118s stopped=none  cert_ordering=kbo,raw/mrs/eps/HWV042-2.stdout,raw/mrs/eps/HWV042-2.stderr,c302c4bbce906d74cc12066c43a998a9d36e5eec97e290c806d8dd3588fbb79c,9208ff633fcfbbe6b470fa338b981c16f37c5e1033ee2fffd2526e05b3c02dd9
casc-30,eps,HWV048-1,mrs,120,GaveUp,Satisfiable,unknown,118.512,5101,eps_cert_status=GaveUp eps_portfolio_status=GaveUp selected=portfolio workers=7+1 time=118s stopped=none  cert_ordering=kbo,raw/mrs/eps/HWV048-1.stdout,raw/mrs/eps/HWV048-1.stderr,8fe62457fc40ac3677bff8af78d9210b55378771da0b7afe6581188552f00960,1d522a225eec8e7115b07aa8f8697a638f3e5ce711aaa1fc63db7df788b52d85
casc-30,eps,HWV048-2,mrs,120,GaveUp,Satisfiable,unknown,118.484,3725,eps_cert_status=GaveUp eps_portfolio_status=GaveUp selected=portfolio workers=7+1 time=118s stopped=none  cert_ordering=kbo,raw/mrs/eps/HWV048-2.stdout,raw/mrs/eps/HWV048-2.stderr,298f1bc2a91092af12fa28bdfbab6fed61bf1625ff0b50726e0057dd6c7ad4ca,ef0c97ba991ba13188841f3269f17e6db00c1c957079d2a0fb526942ee107c10
casc-30,eps,HWV049-1,mrs,120,GaveUp,Satisfiable,unknown,118.370,2765,eps_cert_status=GaveUp eps_portfolio_status=GaveUp selected=portfolio workers=7+1 time=118s stopped=none  cert_ordering=kbo,raw/mrs/eps/HWV049-1.stdout,raw/mrs/eps/HWV049-1.stderr,178c5b7722e4bd635fc044e5fe9afbf41614fca35b0cc21b96d2eec775dc5aee,deb3a587b8257d945e5e657828d388612e6a74e6591d70a323a75a52135d5019
casc-30,eps,HWV049-2,mrs,120,GaveUp,Satisfiable,unknown,118.367,3917,eps_cert_status=GaveUp eps_portfolio_status=GaveUp selected=portfolio workers=7+1 time=118s stopped=none  cert_ordering=kbo,raw/mrs/eps/HWV049-2.stdout,raw/mrs/eps/HWV049-2.stderr,62caa9694321db4cdf82333865840b5deb04a832eb9e3efb92025a47ddf2673b,740109bf1032174b86c83d6512e9c8acccb70b778e4d739bede26dbdd39e1979
casc-30,eps,HWV053-1,mrs,120,Timeout,Satisfiable,unknown,118.653,5005,eps_cert_status=GaveUp eps_portfolio_status=Timeout selected=portfolio workers=7+1 time=118s stopped=none  cert_ordering=kbo,raw/mrs/eps/HWV053-1.stdout,raw/mrs/eps/HWV053-1.stderr,d2b683e8f2ab65d3b8a29b675def18768596aeac3e9f342323adda466e78a341,05f0f5ab7176430267fb9a9984fd283f495a12c845d407fc570c2c6f50b13407
casc-30,eps,HWV063-1,mrs,120,Timeout,Satisfiable,unknown,119.200,13198,eps_cert_status=GaveUp eps_portfolio_status=Timeout selected=portfolio workers=7+1 time=118s stopped=none  cert_ordering=kbo,raw/mrs/eps/HWV063-1.stdout,raw/mrs/eps/HWV063-1.stderr,08783a40d43ecf3dae06bab3d53e0f65d9fe10d2d2ffaa42cee6c7e4f622cfa6,a3f7e598c8e875816a7beb313027386c4cb4be8d9075956180d603f22fa81f00
casc-30,eps,HWV075-1,mrs,120,Timeout,Satisfiable,unknown,119.659,7053,eps_cert_status=GaveUp eps_portfolio_status=Timeout selected=portfolio workers=7+1 time=118s stopped=none  cert_ordering=kbo,raw/mrs/eps/HWV075-1.stdout,raw/mrs/eps/HWV075-1.stderr,5cfe1586d6d1412779c0fcce6777f415f689a4078b67d8fb43d9c012c15af9cd,dae7c732854d39294d936dc79016293c6fe2581e511e5c14c33db3158466b4c8
casc-30,eps,HWV077-1,mrs,120,GaveUp,Satisfiable,unknown,118.840,23866,eps_cert_status=GaveUp eps_portfolio_status=GaveUp selected=portfolio workers=7+1 time=118s stopped=none  cert_ordering=kbo,raw/mrs/eps/HWV077-1.stdout,raw/mrs/eps/HWV077-1.stderr,f6f7086a0a9251be374261de2a0e408e551eb55b00a0009ae03b9e1e5167be18,4dd2bd05651a2fc3e3997bbb0c72bab228afcf5ed94547a8062f53a5af728067
casc-30,eps,HWV080-1,mrs,120,GaveUp,Satisfiable,unknown,118.640,8078,eps_cert_status=GaveUp eps_portfolio_status=GaveUp selected=portfolio workers=7+1 time=118s stopped=none  cert_ordering=kbo,raw/mrs/eps/HWV080-1.stdout,raw/mrs/eps/HWV080-1.stderr,c813463c5ef29c7777b11f21619c060e1ec9407dbcbd07683f46bc57c6784997,b64f648276cdd4ae09029527c01e4e466b7468f6d6f8ac82556c6988f51d70e4
casc-30,eps,HWV082-1,mrs,120,Timeout,Satisfiable,unknown,118.729,25486,eps_cert_status=GaveUp eps_portfolio_status=Timeout selected=portfolio workers=7+1 time=118s stopped=none  cert_ordering=kbo,raw/mrs/eps/HWV082-1.stdout,raw/mrs/eps/HWV082-1.stderr,ceb9ddc8cc45956c64de82f3035665e174dcea00b4c82c80c014fe743beabed8,c9cabb3e63eb177105cd359359ef775826429ea2db9882fb14b05388ff6f4590
casc-30,eps,HWV085-1,mrs,120,Timeout,Satisfiable,unknown,118.862,7053,eps_cert_status=GaveUp eps_portfolio_status=Timeout selected=portfolio workers=7+1 time=118s stopped=none  cert_ordering=kbo,raw/mrs/eps/HWV085-1.stdout,raw/mrs/eps/HWV085-1.stderr,bd81e95578b255facd06a3358c463d9064657a5aa882287c47cc0f0ad3839346,178c0e132ea5ac79227049f8c04a9386b215aef2d92c18f327c4228c3ef2940d
casc-30,eps,HWV086-1,mrs,120,GaveUp,Satisfiable,unknown,119.990,4877,eps_cert_status=GaveUp eps_portfolio_status=GaveUp selected=portfolio workers=7+1 time=118s stopped=none  cert_ordering=kbo,raw/mrs/eps/HWV086-1.stdout,raw/mrs/eps/HWV086-1.stderr,d5ca255d62af255e0486672976a7f9ce8772530e1adff82888899e0437072427,3c8266b7e6b9cdf07cf57cdc9fd8c4583000db106ab962a0a6fdb0ea458aa68b
casc-30,eps,KRS279-1,mrs,120,Timeout,Satisfiable,unknown,118.313,2957,eps_cert_status=GaveUp eps_portfolio_status=Timeout selected=portfolio workers=7+1 time=118s stopped=none  cert_ordering=kbo,raw/mrs/eps/KRS279-1.stdout,raw/mrs/eps/KRS279-1.stderr,92f103f57cee3524123bf5668a4cf05d85d20ed5b8fbca99e33063d068866d5b,f045f966e4b8c85fa64ad3347ebeb712b2562cce2ff446ca8aeeaecc15f0bb1e
casc-30,eps,KRS281-1,mrs,120,Timeout,Satisfiable,unknown,119.132,6029,eps_cert_status=GaveUp eps_portfolio_status=Timeout selected=portfolio workers=7+1 time=118s stopped=none  cert_ordering=kbo,raw/mrs/eps/KRS281-1.stdout,raw/mrs/eps/KRS281-1.stderr,447b655959a8734d4214c093749ebc634b16f1a762add12917d3b7a1b4a3260a,487493638e6ccd33427e09b2c6f13bd8ca7e1b11455edadcae710063452a1c33
casc-30,eps,KRS291-1,mrs,120,Timeout,Satisfiable,unknown,118.559,5005,eps_cert_status=GaveUp eps_portfolio_status=Timeout selected=portfolio workers=7+1 time=118s stopped=none  cert_ordering=kbo,raw/mrs/eps/KRS291-1.stdout,raw/mrs/eps/KRS291-1.stderr,17bb0531e02f67edbe4cdb44dd09c76e709cd2cb9d80ff8939390a3ebc017e70,63a0d69ba489076c059646a97d205471ebf0ecf1d02da0f905ff96704b802109
casc-30,eps,MGT066-1,mrs,120,Timeout,Satisfiable,unknown,118.173,1933,eps_cert_status=GaveUp eps_portfolio_status=Timeout selected=portfolio workers=7+1 time=118s stopped=none  cert_ordering=kbo,raw/mrs/eps/MGT066-1.stdout,raw/mrs/eps/MGT066-1.stderr,83bf86cdfe758f30e1d99059b0a9bb3f388c7e11a92ed3a96ae92362cac4e4a6,1f46ef4c8c8db0fff5ff95edca82a29b58ee4d1cb5f5a18232c9f1ea4d96279d
casc-30,eps,MSC008-1.010,mrs,120,Timeout,Satisfiable,unknown,118.321,3981,eps_cert_status=GaveUp eps_portfolio_status=Timeout selected=portfolio workers=7+1 time=118s stopped=none  cert_ordering=kbo,raw/mrs/eps/MSC008-1.010.stdout,raw/mrs/eps/MSC008-1.010.stderr,381ae2710b15ede917d41ffa03ecdc533cd11fb74526d7d5695e6ee041d5a4b3,1fcd6d2619f1ad6b51bebc1943dd20c83538863a9427d4298bb4df542d104e38
casc-30,eps,NLP006-1,mrs,120,Timeout,Satisfiable,unknown,119.061,17294,eps_cert_status=GaveUp eps_portfolio_status=Timeout selected=portfolio workers=7+1 time=118s stopped=none  cert_ordering=kbo,raw/mrs/eps/NLP006-1.stdout,raw/mrs/eps/NLP006-1.stderr,be164c1ea779a5099201133fd7bcc7c47f720b50c4e62555d02fe50679ad5545,37f83a9f106d2c0f7f530b37576b7f17c3b8ec8f830c136ad019986b505e2ac6
casc-30,eps,NLP008-1,mrs,120,Timeout,Satisfiable,unknown,119.036,15246,eps_cert_status=GaveUp eps_portfolio_status=Timeout selected=portfolio workers=7+1 time=118s stopped=none  cert_ordering=kbo,raw/mrs/eps/NLP008-1.stdout,raw/mrs/eps/NLP008-1.stderr,6863c7dfcb258a29c29237f060ddef3dec3ef1faea6e31bd64bbaf084195908b,75fd4fd10e469416776069486e4199f45c41ddf2370fd0825149f711ee1a0242
casc-30,eps,NLP012-1,mrs,120,Timeout,Satisfiable,unknown,119.104,17294,eps_cert_status=GaveUp eps_portfolio_status=Timeout selected=portfolio workers=7+1 time=118s stopped=none  cert_ordering=kbo,raw/mrs/eps/NLP012-1.stdout,raw/mrs/eps/NLP012-1.stderr,5ecf770c874873fec17f64cf9123aac976f9646084f75ef9f267f9c3ee4d0441,6be91d99214392497781bfd56af5395b337e3733c9df37ccc41f1ea19eb66249
casc-30,eps,NLP023-1,mrs,120,Timeout,Satisfiable,unknown,118.299,3981,eps_cert_status=GaveUp eps_portfolio_status=Timeout selected=portfolio workers=7+1 time=118s stopped=none  cert_ordering=kbo,raw/mrs/eps/NLP023-1.stdout,raw/mrs/eps/NLP023-1.stderr,9e55f0368390deb1359a3b9920d1714ff68912e97bbbca3cc6afd3d9d874137e,ddf2bf40780d3e262267c5b5c2f766267180a541abf1b2b99b88cf2af5c334ae
casc-30,eps,NLP024-1,mrs,120,Timeout,Satisfiable,unknown,118.262,3981,eps_cert_status=GaveUp eps_portfolio_status=Timeout selected=portfolio workers=7+1 time=118s stopped=none  cert_ordering=kbo,raw/mrs/eps/NLP024-1.stdout,raw/mrs/eps/NLP024-1.stderr,1336a7a9db99b89d359f00cb48e12acfd824159b7c98a07c6a03a3a7492a31db,8d7cf76a1dac51cf374c7ba815c745b7cd284da07ba6d3a80321317fe0898ce9
casc-30,eps,NLP042-1,mrs,120,Timeout,Satisfiable,unknown,118.281,2957,eps_cert_status=GaveUp eps_portfolio_status=Timeout selected=portfolio workers=7+1 time=118s stopped=none  cert_ordering=kbo,raw/mrs/eps/NLP042-1.stdout,raw/mrs/eps/NLP042-1.stderr,9ece426b22aa7575a1704e45cac70c2d6396bf72be4344e890fc50333a91ec82,ad490b372b32b1ffbbf072a29709003e95d65cdb597cfe588e92ebb09a5fa7d7
casc-30,eps,NLP115-1,mrs,120,Satisfiable,Satisfiable,ok,35.955,15484,eps_cert_status=Satisfiable eps_portfolio_status=GaveUp selected=cert workers=7+1 time=118s stopped=none cert_tier=2 cert_ordering=kbo,raw/mrs/eps/NLP115-1.stdout,raw/mrs/eps/NLP115-1.stderr,e98cbd5f3db9a83db07ca919cd3227b615e0de690a6b230080b2c7e53578cf99,ac044aac670e52b726715a5820904b28393e269a6703b879801361139edced80
casc-30,eps,NLP116-1,mrs,120,Satisfiable,Satisfiable,ok,4.318,2093,eps_cert_status=Satisfiable eps_portfolio_status=GaveUp selected=cert workers=7+1 time=118s stopped=none cert_tier=2 cert_ordering=kbo,raw/mrs/eps/NLP116-1.stdout,raw/mrs/eps/NLP116-1.stderr,82094d6560df6e63e9c1fd51e186ec79adef170b41091bec46ebc5f4d1ee78f1,6b2d26ca4efeab74f181ef00634c43796b99f64a506de3f9ce7b987dace52df7
casc-30,eps,NLP118-1,mrs,120,Satisfiable,Satisfiable,ok,37.205,15476,eps_cert_status=Satisfiable eps_portfolio_status=GaveUp selected=cert workers=7+1 time=118s stopped=none cert_tier=2 cert_ordering=kbo,raw/mrs/eps/NLP118-1.stdout,raw/mrs/eps/NLP118-1.stderr,fe2bed61e5cd3a50bfa5b193d0c6e603dda45c2e209ce1ff2f239428f0cb62a1,06dc97d0daf1be00ddeec7e35e43fe250304992894635550356165b1801f16b9
casc-30,eps,NLP120-1,mrs,120,Satisfiable,Satisfiable,ok,36.732,15487,eps_cert_status=Satisfiable eps_portfolio_status=GaveUp selected=cert workers=7+1 time=118s stopped=none cert_tier=2 cert_ordering=kbo,raw/mrs/eps/NLP120-1.stdout,raw/mrs/eps/NLP120-1.stderr,c09a73c7f46b4cb7e057bc51612d63e301fdc62ab257a100d98a137971db9765,16aee5298d55018d5edb5b0f515360d8cbcbfb67e1bd094a988fef0587e10f65
casc-30,eps,NLP121-1,mrs,120,Satisfiable,Satisfiable,ok,4.317,2093,eps_cert_status=Satisfiable eps_portfolio_status=GaveUp selected=cert workers=7+1 time=118s stopped=none cert_tier=2 cert_ordering=kbo,raw/mrs/eps/NLP121-1.stdout,raw/mrs/eps/NLP121-1.stderr,9adcfa045a1d7fade5bf78881b2c20e9d454229f2f3cbb45f27eedbe06a29c8e,438bfb183e6148bceb0153061bff467ef772d3529e9f657a8b2c81d076810adb
casc-30,eps,NLP123-1,mrs,120,Satisfiable,Satisfiable,ok,37.023,15475,eps_cert_status=Satisfiable eps_portfolio_status=GaveUp selected=cert workers=7+1 time=118s stopped=none cert_tier=2 cert_ordering=kbo,raw/mrs/eps/NLP123-1.stdout,raw/mrs/eps/NLP123-1.stderr,d9aa08eee802e00d89a414f1b4b188702552d3b5ebf6104c6c306b16900f557f,519d6566fdc44330b2c352ea811f25a01bc5f64798ba091f64c0d3fe88211198
casc-30,eps,NLP124-1,mrs,120,Timeout,Satisfiable,unknown,118.369,2957,eps_cert_status=GaveUp eps_portfolio_status=Timeout selected=portfolio workers=7+1 time=118s stopped=none  cert_ordering=kbo,raw/mrs/eps/NLP124-1.stdout,raw/mrs/eps/NLP124-1.stderr,7187df3632316c81bbbffebab5b77a6fad56fe7797f028a739e76299a638152c,6b44d8cca01df558a28fff1eae9b5ac92a0a16656a14300fbad4025fa57e6545
casc-30,eps,NLP125-1,mrs,120,Timeout,Satisfiable,unknown,118.183,2957,eps_cert_status=GaveUp eps_portfolio_status=Timeout selected=portfolio workers=7+1 time=118s stopped=none  cert_ordering=kbo,raw/mrs/eps/NLP125-1.stdout,raw/mrs/eps/NLP125-1.stderr,02c6d8ea57e161f6d31eab68522c82fd8fa91bc4546f501647431f1be81f8bca,658439a5ce31e3350eec3968f40e7af803fb77c1e26af8a58cf9391f675d7aae
casc-30,eps,NLP126-1,mrs,120,Timeout,Satisfiable,unknown,118.163,2957,eps_cert_status=GaveUp eps_portfolio_status=Timeout selected=portfolio workers=7+1 time=118s stopped=none  cert_ordering=kbo,raw/mrs/eps/NLP126-1.stdout,raw/mrs/eps/NLP126-1.stderr,aedf8c6b5aad42e05e7f8bcdb16e0077e4d9f5626f52b05a8d103bc78d86a834,05e132cb22f9521d433519faf53f3212885d0cc5d21be614a0336cc2021cd1c0
casc-30,eps,NLP127-1,mrs,120,Timeout,Satisfiable,unknown,118.219,2957,eps_cert_status=GaveUp eps_portfolio_status=Timeout selected=portfolio workers=7+1 time=118s stopped=none  cert_ordering=kbo,raw/mrs/eps/NLP127-1.stdout,raw/mrs/eps/NLP127-1.stderr,e66d3d64b4dadd831d6f7da9a3b4d2733566155234806c1e8fa3f30704e8ba5c,5d6d6cae403d6812eb8bfc5fe1dd055d868197f485ce25cbcb521be1d2adc4b2
casc-30,eps,PLA038-1,mrs,120,Timeout,Satisfiable,unknown,118.271,2957,eps_cert_status=GaveUp eps_portfolio_status=Timeout selected=portfolio workers=7+1 time=118s stopped=none  cert_ordering=kbo,raw/mrs/eps/PLA038-1.stdout,raw/mrs/eps/PLA038-1.stderr,269e9364edf222bcdacf65206c9d9cc367e43d1df326169c101de1b808caf722,d905625e1ba6605d5ed92539244b0c64db0d8f1882ecc7ad35e9cbcbd4728603
casc-30,eps,PLA045-1,mrs,120,Timeout,Satisfiable,unknown,118.433,2957,eps_cert_status=GaveUp eps_portfolio_status=Timeout selected=portfolio workers=7+1 time=118s stopped=none  cert_ordering=kbo,raw/mrs/eps/PLA045-1.stdout,raw/mrs/eps/PLA045-1.stderr,d7085850acd8b55a6f1cef644986202bee690c3169012fcda5054c905d24d9b6,8dcb74b2136588b794fb96a4e19b6a2ca17847ed5083a99e31def8c20eaeda22
casc-30,eps,PUZ001-3,mrs,120,Satisfiable,Satisfiable,ok,.309,1037,eps_cert_status=Satisfiable eps_portfolio_status=GaveUp selected=cert workers=7+1 time=118s stopped=none cert_tier=2 cert_ordering=kbo,raw/mrs/eps/PUZ001-3.stdout,raw/mrs/eps/PUZ001-3.stderr,f97b769483c26bdf59d3813ad68915d6c5f70af089a2698920a619f015e216c1,a6f2df22c70c9152cac2e57f06c48b0366e9f4ad31661724b2826f54161fade3
casc-30,eps,PUZ018-2,mrs,120,Satisfiable,Satisfiable,ok,1.358,1048,eps_cert_status=Satisfiable eps_portfolio_status=missing selected=cert workers=7+1 time=118s stopped=portfolio cert_tier=2 cert_ordering=kbo,raw/mrs/eps/PUZ018-2.stdout,raw/mrs/eps/PUZ018-2.stderr,91e96df2773b43382184891f6fb477ed6970df787531178bde726d39a6cb536f,c2a35cf1865d2ffc6553da473fab911984e4949d09939c739024368921ff0767
casc-30,eps,PUZ028-1,mrs,120,Satisfiable,Satisfiable,ok,.311,1037,eps_cert_status=Satisfiable eps_portfolio_status=GaveUp selected=cert workers=7+1 time=118s stopped=none cert_tier=2 cert_ordering=kbo,raw/mrs/eps/PUZ028-1.stdout,raw/mrs/eps/PUZ028-1.stderr,c5948e8b2cbd82ec6e151ed37ee9fd4b2b05f3ca210acfb1d22aaef7c48948c7,36e091a9a5ae3241688b736a3bcba56832591c2052412e9e7e08bb07b819b295
casc-30,eps,PUZ028-2,mrs,120,Satisfiable,Satisfiable,ok,.572,1037,eps_cert_status=Satisfiable eps_portfolio_status=missing selected=cert workers=7+1 time=118s stopped=portfolio cert_tier=2 cert_ordering=kbo,raw/mrs/eps/PUZ028-2.stdout,raw/mrs/eps/PUZ028-2.stderr,af1d4092a88bbbb912b577bd08ac0c0fb3b30bcb3764489533d609065585d298,00f5f7e7cbcbdd7aa0c231865c8f3cb1eb1de14b25e344f5465641cdfcf2847a
casc-30,eps,PUZ028-3,mrs,120,Satisfiable,Satisfiable,ok,.310,1037,eps_cert_status=Satisfiable eps_portfolio_status=Satisfiable selected=cert workers=7+1 time=118s stopped=none cert_tier=2 cert_ordering=kbo,raw/mrs/eps/PUZ028-3.stdout,raw/mrs/eps/PUZ028-3.stderr,74da5678a34679c08c50850f22e1352dda1b120487a633c18b43f680cc2acf13,606c5e3ad7cb111d9999f9e0966104505d733465a5846b5ffca53c153f2487dc
casc-30,eps,PUZ028-4,mrs,120,Satisfiable,Satisfiable,ok,.313,1037,eps_cert_status=Satisfiable eps_portfolio_status=Satisfiable selected=cert workers=7+1 time=118s stopped=none cert_tier=2 cert_ordering=kbo,raw/mrs/eps/PUZ028-4.stdout,raw/mrs/eps/PUZ028-4.stderr,9125f7ff1ef76aa6574b3a7183ea85dccd6d234ca76e2b2c15542d2198a014ff,dde8d141acdb5186addfbcdd7d1d8a4b1a19a8f7c02d97ab4c3fdf45300dc1dd
casc-30,eps,PUZ052-1,mrs,120,Timeout,Satisfiable,unknown,118.292,1997,eps_cert_status=GaveUp eps_portfolio_status=Timeout selected=portfolio workers=7+1 time=118s stopped=none  cert_ordering=kbo,raw/mrs/eps/PUZ052-1.stdout,raw/mrs/eps/PUZ052-1.stderr,fc73dd8e0a69a19c9b861aebea2a0fe2b57ce063ae1507b77146dbc3d2f72953,6339a53743fc83ac781bce300c12052ae6ec73a9fb54e93b5c641a4f000b8f9f
casc-30,eps,SYN056-1,mrs,120,Satisfiable,Satisfiable,ok,.305,1037,eps_cert_status=Satisfiable eps_portfolio_status=GaveUp selected=cert workers=7+1 time=118s stopped=none cert_tier=2 cert_ordering=kbo,raw/mrs/eps/SYN056-1.stdout,raw/mrs/eps/SYN056-1.stderr,1f5f32b3b5e283c3931f9a9c25c4a802ea4de2173b7f0eff0653be5a5eedc77e,4812ef9c88af352790f150a650ddbc0ba9df23a855c38415510a7307bfc6384f
casc-30,eps,SYN059-1,mrs,120,Satisfiable,Satisfiable,ok,.306,1037,eps_cert_status=Satisfiable eps_portfolio_status=GaveUp selected=cert workers=7+1 time=118s stopped=none cert_tier=2 cert_ordering=kbo,raw/mrs/eps/SYN059-1.stdout,raw/mrs/eps/SYN059-1.stderr,5790eda60fc5747549d0264b1a58e646930fa243223dd349a83f096f362e7ec3,e58e4d49a2f22f75bf3a5c30229eb6c896a2981097a7fad6272230f25d9ca34b
casc-30,eps,SYN307-1,mrs,120,Satisfiable,Satisfiable,ok,.566,1037,eps_cert_status=Satisfiable eps_portfolio_status=missing selected=cert workers=7+1 time=118s stopped=portfolio cert_tier=2 cert_ordering=kbo,raw/mrs/eps/SYN307-1.stdout,raw/mrs/eps/SYN307-1.stderr,375f60fbb20fdbc3de8d6591e2998cccb1ae384a14874ef4dfb1b474bbbb45a7,932c1edac84f4d82cf80f484d2e2e8a21c73309ca455d6a2aeff23cf5cf49bfa
casc-30,eps,SYN317-1,mrs,120,Satisfiable,Satisfiable,ok,.306,1037,eps_cert_status=Satisfiable eps_portfolio_status=GaveUp selected=cert workers=7+1 time=118s stopped=none cert_tier=2 cert_ordering=kbo,raw/mrs/eps/SYN317-1.stdout,raw/mrs/eps/SYN317-1.stderr,9e347ed45a12b1fc99a006ed7e48d796818dca495537385b7b900a51ee5c3de9,2feb9393e8379f761484e596b4dbd7ec7c8553cf0850b3507a6257afdc5fc394
casc-30,eps,SYN322-1,mrs,120,Satisfiable,Satisfiable,ok,.305,1037,eps_cert_status=Satisfiable eps_portfolio_status=GaveUp selected=cert workers=7+1 time=118s stopped=none cert_tier=2 cert_ordering=kbo,raw/mrs/eps/SYN322-1.stdout,raw/mrs/eps/SYN322-1.stderr,4fd06c08fed0881676c93893c13e27dd5dbc91dc86878fd42d2b63058a2d3782,650e46ef40053f7d7508829e0cb66d599e31dc46ac3840590e312464c246f8eb
casc-30,eps,SYN422-1,mrs,120,Timeout,Satisfiable,unknown,118.967,11151,eps_cert_status=GaveUp eps_portfolio_status=Timeout selected=portfolio workers=7+1 time=118s stopped=none  cert_ordering=kbo,raw/mrs/eps/SYN422-1.stdout,raw/mrs/eps/SYN422-1.stderr,065136034a9d3ad3f25811f0f06ec14daf9ad64a955f5b4e505569c6dd8b1650,d5c86181de3004b7b3ae5ab93f51137e07acc380b619684f2af72d7c9bd36df9
casc-30,eps,SYN438-1,mrs,120,Satisfiable,Satisfiable,ok,2.376,1073,eps_cert_status=Satisfiable eps_portfolio_status=missing selected=cert workers=7+1 time=118s stopped=portfolio cert_tier=2 cert_ordering=kbo,raw/mrs/eps/SYN438-1.stdout,raw/mrs/eps/SYN438-1.stderr,9b896ff0d27315e8163178f0f1743dccce9ac859ed46e45cc3e79f7d3b9066f1,1dc0b87170418a10cbc961eb55afaeb93b41963a5ed6288684b9dd0dd438b0bf
casc-30,eps,SYN441-1,mrs,120,Timeout,Satisfiable,unknown,118.624,11150,eps_cert_status=GaveUp eps_portfolio_status=Timeout selected=portfolio workers=7+1 time=118s stopped=none  cert_ordering=kbo,raw/mrs/eps/SYN441-1.stdout,raw/mrs/eps/SYN441-1.stderr,bc496cfd9657374003ba593dade364462e3fe83d78eab4043cb57aea4d71c286,a410755a4b9a2249756816f64e5730db1130a77437fa5a294a04cbabe2f65246
casc-30,eps,SYN446-1,mrs,120,Satisfiable,Satisfiable,ok,2.628,2100,eps_cert_status=Satisfiable eps_portfolio_status=missing selected=cert workers=7+1 time=118s stopped=portfolio cert_tier=2 cert_ordering=kbo,raw/mrs/eps/SYN446-1.stdout,raw/mrs/eps/SYN446-1.stderr,f98ce23dc5aa238465922c4a78efed835d55b29593e121777622787a3a5a4970,1301664b2888a9aa96ed56809fcf38501948080435fb0acb565be2577ae0ee9e
casc-30,eps,SYN490-1,mrs,120,Satisfiable,Satisfiable,ok,.575,1037,eps_cert_status=Satisfiable eps_portfolio_status=missing selected=cert workers=7+1 time=118s stopped=portfolio cert_tier=2 cert_ordering=kbo,raw/mrs/eps/SYN490-1.stdout,raw/mrs/eps/SYN490-1.stderr,81777c2d02dfbda634b5318ecec901c49dae2082360892eca61efe87b9ba95d6,7f9c5b8501ebe97d0936f5a61e7b339483941bca7a26ecf4f4543c041551d3a9
casc-30,eps,SYN494-1,mrs,120,Satisfiable,Satisfiable,ok,.574,1037,eps_cert_status=Satisfiable eps_portfolio_status=missing selected=cert workers=7+1 time=118s stopped=portfolio cert_tier=2 cert_ordering=kbo,raw/mrs/eps/SYN494-1.stdout,raw/mrs/eps/SYN494-1.stderr,2435f17c94828980a802d9e16eb5cd0012c1046e9c8656f6c34b1196c8e99504,e745cc259fabf386ab9ccd92b4a26bf49e9e38eafbd11bae4868d508314bc4f0
casc-30,eps,SYN514-1,mrs,120,Timeout,Satisfiable,unknown,118.492,11150,eps_cert_status=GaveUp eps_portfolio_status=Timeout selected=portfolio workers=7+1 time=118s stopped=none  cert_ordering=kbo,raw/mrs/eps/SYN514-1.stdout,raw/mrs/eps/SYN514-1.stderr,ed2c48f0fc2f958aec8c21e6e1ebf692f6ab0713edffeb53089963933a3b8fc6,eb877a8a2144287b4d7651541869773cd9860aa89e66483aba8df9fc43c4c999
casc-30,eps,SYN515-1,mrs,120,Satisfiable,Satisfiable,ok,1.090,1041,eps_cert_status=Satisfiable eps_portfolio_status=missing selected=cert workers=7+1 time=118s stopped=portfolio cert_tier=2 cert_ordering=kbo,raw/mrs/eps/SYN515-1.stdout,raw/mrs/eps/SYN515-1.stderr,eee7ecb56e8aa47e4676a6fc261151bf451f70b4fc873897d719c4df12842fff,ae8511e3ca7f781cc24e311832c7d33eea206d60de580019521ea5bee6b38713
casc-30,eps,SYN527-1,mrs,120,Satisfiable,Satisfiable,ok,.829,1039,eps_cert_status=Satisfiable eps_portfolio_status=missing selected=cert workers=7+1 time=118s stopped=portfolio cert_tier=2 cert_ordering=kbo,raw/mrs/eps/SYN527-1.stdout,raw/mrs/eps/SYN527-1.stderr,7fe04c695256a33e1d2c37aa33eb558c4231632de554794607334452c60df7fb,a087cf7d8da0b0112a766dfac51cb5a146d869afa0af9273c0b0852faba676e7
casc-30,eps,SYN528-1,mrs,120,Satisfiable,Satisfiable,ok,4.145,2112,eps_cert_status=Satisfiable eps_portfolio_status=missing selected=cert workers=7+1 time=118s stopped=portfolio cert_tier=2 cert_ordering=kbo,raw/mrs/eps/SYN528-1.stdout,raw/mrs/eps/SYN528-1.stderr,51e4a030b121ad36bdb0e2a73fb88acddeddedd72fafc5c58a6df481a2a46e58,3dd3bd64b3fdc0fb18d05acd3f2802582f709dba56070bd756085877ca43e142
casc-30,eps,SYN529-1,mrs,120,Timeout,Satisfiable,unknown,118.667,11150,eps_cert_status=GaveUp eps_portfolio_status=Timeout selected=portfolio workers=7+1 time=118s stopped=none  cert_ordering=kbo,raw/mrs/eps/SYN529-1.stdout,raw/mrs/eps/SYN529-1.stderr,a0e07d7b86142149e7ecd17b2db4b0b4375c9bcd5770d32eb15943870375c605,ded160959571999451148ba6c5f8ef08afc927988ff3afd3a23b2e1d65c6faed
casc-30,eps,SYN530-1,mrs,120,Timeout,Satisfiable,unknown,118.590,11150,eps_cert_status=GaveUp eps_portfolio_status=Timeout selected=portfolio workers=7+1 time=118s stopped=none  cert_ordering=kbo,raw/mrs/eps/SYN530-1.stdout,raw/mrs/eps/SYN530-1.stderr,446adb65b12fb3a351c7c82d8c086e74ae6c91198640b6a90868784e4be290b0,82f9119b8710eb792d636fbbcc839d3297d18e6bcd2f001681ae810451c670b0
casc-30,eps,SYN720-1,mrs,120,Satisfiable,Satisfiable,ok,.985,1040,eps_cert_status=Satisfiable eps_portfolio_status=missing selected=cert workers=7+1 time=118s stopped=portfolio cert_tier=2 cert_ordering=kbo,raw/mrs/eps/SYN720-1.stdout,raw/mrs/eps/SYN720-1.stderr,11482e67687390c5a8573b54797c6795be9c23b712b159479784f684f912bd41,299ff67279e5c6549f288459845cd0566e1b1faf43d02bb452358ceb3ff0091a
casc-30,eps,SYN812-1,mrs,120,Timeout,Satisfiable,unknown,120.047,5006,eps_cert_status=GaveUp eps_portfolio_status=Timeout selected=portfolio workers=7+1 time=118s stopped=none  cert_ordering=kbo,raw/mrs/eps/SYN812-1.stdout,raw/mrs/eps/SYN812-1.stderr,cae03979572335ae932da47cc4a0b662f3180f805b1f1e87e58fdd675cb825e9,b32bfddb7defd55e9bdfdfc33623f030ee7061c4b127ad324ec36a7d4dfe2f68
casc-30,eps,SYN815-1,mrs,120,Timeout,Satisfiable,unknown,120.240,3982,eps_cert_status=GaveUp eps_portfolio_status=Timeout selected=portfolio workers=7+1 time=118s stopped=none  cert_ordering=kbo,raw/mrs/eps/SYN815-1.stdout,raw/mrs/eps/SYN815-1.stderr,51ac8250454ca29def681855c9ca860692f7070fb5ac972fc8b89e84a3f3dd72,e180957b8e4695db0ca05d1b277a414393d8f5517744b024ea38f753ce9d4a7f
casc-30,eps,SYN816-1,mrs,120,Timeout,Satisfiable,unknown,123.269,5006,eps_cert_status=GaveUp eps_portfolio_status=Timeout selected=portfolio workers=7+1 time=118s stopped=none  cert_ordering=kbo,raw/mrs/eps/SYN816-1.stdout,raw/mrs/eps/SYN816-1.stderr,d5c7983c7ac2ebde34bdcf4a1e5a06a1f83bcb9d0a42413dd4a7d44ae050b040,257b198c604437161437a175558e68a95ac1b75b54f8d0adbcb674ecc3efffca
casc-30,eps,SYN817-1,mrs,120,Timeout,Satisfiable,unknown,119.014,7054,eps_cert_status=GaveUp eps_portfolio_status=Timeout selected=portfolio workers=7+1 time=118s stopped=none  cert_ordering=kbo,raw/mrs/eps/SYN817-1.stdout,raw/mrs/eps/SYN817-1.stderr,df53eb3695c5ac2cf1263a632b71820d9a9286bdbcf2cc39f712e2c2b00c524e,9694faa1814624cee3d10aef52dafaf58ec2fc7dffafdea2bcc13cda947bec39
casc-30,eps,SYN818-1,mrs,120,Timeout,Satisfiable,unknown,119.301,6030,eps_cert_status=GaveUp eps_portfolio_status=Timeout selected=portfolio workers=7+1 time=118s stopped=none  cert_ordering=kbo,raw/mrs/eps/SYN818-1.stdout,raw/mrs/eps/SYN818-1.stderr,db23e4faf5a7060daa89e4da75b7cea3e7b81175577f40cf0050d00f89ce32d9,0dee60e906ca10048a71819996e4c8997f578596558203712f4a6e7cbec7a7a7
casc-30,eps,SYN826-1,mrs,120,Timeout,Satisfiable,unknown,121.405,9103,eps_cert_status=GaveUp eps_portfolio_status=Timeout selected=portfolio workers=7+1 time=118s stopped=none  cert_ordering=kbo,raw/mrs/eps/SYN826-1.stdout,raw/mrs/eps/SYN826-1.stderr,0910ee3702bd9e3b039670a7c2ba0eed918e031e5a059d5375a6c277199f6516,b65171c5eb03cecb52c16a0bde11333a55cb24ee100bc42ed7765b41559c0dbc
casc-30,eps,SYN828-1,mrs,120,Timeout,Satisfiable,unknown,120.666,3982,eps_cert_status=GaveUp eps_portfolio_status=Timeout selected=portfolio workers=7+1 time=118s stopped=none  cert_ordering=kbo,raw/mrs/eps/SYN828-1.stdout,raw/mrs/eps/SYN828-1.stderr,a1f1deeb92c7c044dcb90e87100004253fc82f8fc284d78637bce292a3488b50,1d7358479eaad674a91bc6d1f1ef08d5e2a61ec504c47fadcb421c5e8027f194
casc-30,eps,SYN830-1,mrs,120,Timeout,Satisfiable,unknown,120.951,5006,eps_cert_status=GaveUp eps_portfolio_status=Timeout selected=portfolio workers=7+1 time=118s stopped=none  cert_ordering=kbo,raw/mrs/eps/SYN830-1.stdout,raw/mrs/eps/SYN830-1.stderr,c0eb85fdc48da6859a4ef7c4c46b9f59e4ec9c0c7cdfb875dcc464784ad615d6,15de6b3bb991b94a73ff3c63d8e70088b1c50ac05565f0b2c81d27cd8595ed66
casc-30,eps,SYN835-1,mrs,120,Timeout,Satisfiable,unknown,118.930,13198,eps_cert_status=GaveUp eps_portfolio_status=Timeout selected=portfolio workers=7+1 time=118s stopped=none  cert_ordering=kbo,raw/mrs/eps/SYN835-1.stdout,raw/mrs/eps/SYN835-1.stderr,dbea71d967ea5c1c2d986960b8a8557fc11eeb3ff87c12a464b740a60b6f01e9,1af0c65e7f44818716022dd25bd39cc75ef8f0c2f2c00a71cbddd86ae77dc15b
casc-30,eps,SYN838-1,mrs,120,Timeout,Satisfiable,unknown,119.858,3982,eps_cert_status=GaveUp eps_portfolio_status=Timeout selected=portfolio workers=7+1 time=118s stopped=none  cert_ordering=kbo,raw/mrs/eps/SYN838-1.stdout,raw/mrs/eps/SYN838-1.stderr,bd8f2643bb99c3de8ada073c15bd6fe8c54712e9b7d0a8731f268bc55a6bc0fc,9621e5094ba082699572d80f3225fc652ae86d4cff3f691326abf6d53abd5805
casc-30,eps,SYN840-1,mrs,120,Timeout,Satisfiable,unknown,120.704,5006,eps_cert_status=GaveUp eps_portfolio_status=Timeout selected=portfolio workers=7+1 time=118s stopped=none  cert_ordering=kbo,raw/mrs/eps/SYN840-1.stdout,raw/mrs/eps/SYN840-1.stderr,c7d4cdd5efa868ae7a2bd58074bef0a2791f784baba3b367389640cbe2376cb3,7548687e0e1fc54f0eb372259f21e95c463e614b7d663ff1c3412d924ddffe1c
casc-30,eps,SYN841-1,mrs,120,Timeout,Satisfiable,unknown,121.456,7054,eps_cert_status=GaveUp eps_portfolio_status=Timeout selected=portfolio workers=7+1 time=118s stopped=none  cert_ordering=kbo,raw/mrs/eps/SYN841-1.stdout,raw/mrs/eps/SYN841-1.stderr,6b8c553c9a1a06575ed8c44a351129c35b2a6316b93d446e7a456cf1dbd8dacd,598a9b34a5f276615a9e906506b8096f14ee77dd514923b4ddbd161791e45c95
casc-30,eps,SYN853-1,mrs,120,Timeout,Satisfiable,unknown,120.683,5006,eps_cert_status=GaveUp eps_portfolio_status=Timeout selected=portfolio workers=7+1 time=118s stopped=none  cert_ordering=kbo,raw/mrs/eps/SYN853-1.stdout,raw/mrs/eps/SYN853-1.stderr,0abc367bcbd435df5cbc6181e4ff320d49ea3cc389ac1b32b8f8c3a244099b95,213e93d395d73e44235ea247ea5251de5e1b36c398acba7aff1087fbd62b490b
casc-30,eps,SYN867-1,mrs,120,GaveUp,Satisfiable,unknown,119.288,1997,eps_cert_status=GaveUp eps_portfolio_status=GaveUp selected=portfolio workers=7+1 time=118s stopped=none  cert_ordering=kbo,raw/mrs/eps/SYN867-1.stdout,raw/mrs/eps/SYN867-1.stderr,5a6bf4940308b224191d0d48f919d8ddc904c5f919cdf964e0e09b36cc93e31c,5445f6ba71b0022c58748b7c91a1c1bf637924d6eb9cc6eb45c37e454ba8d88f
casc-30,eps,SYN868-1,mrs,120,GaveUp,Satisfiable,unknown,118.161,1997,eps_cert_status=GaveUp eps_portfolio_status=GaveUp selected=portfolio workers=7+1 time=118s stopped=none  cert_ordering=kbo,raw/mrs/eps/SYN868-1.stdout,raw/mrs/eps/SYN868-1.stderr,f91d2626a894f8b97388d72b677fcfdd3532f34dfe009bd940359c58d53a2a7d,30f537a8dc16ac28007496c818770106f6bf2f70c4035178e39ec0f6ade3088d
casc-30,eps,SYN888-1,mrs,120,Timeout,Satisfiable,unknown,124.298,66452,eps_cert_status=GaveUp eps_portfolio_status=Timeout selected=portfolio workers=7+1 time=118s stopped=none  cert_ordering=kbo,raw/mrs/eps/SYN888-1.stdout,raw/mrs/eps/SYN888-1.stderr,ef4f119d800df0331372e2beef11aefea0194db5723f870ccdfe0dc8f73334e3,dcd00b2146744f65d43a2f393b71ce9ea52e7434ae76b24e30accf9dc0b11ca3
casc-30,eps,SYO585-1,mrs,120,Timeout,Satisfiable,unknown,120.179,19834,eps_cert_status=GaveUp eps_portfolio_status=Timeout selected=portfolio workers=7+1 time=118s stopped=none  cert_ordering=kbo,raw/mrs/eps/SYO585-1.stdout,raw/mrs/eps/SYO585-1.stderr,9a2a0e279a2ea748208e3fcba3ec765df4708770fba89fed7beca9d4e4c7b5e5,f9965dd82fed31b6622a492bb1263fcccfc9138ae48957788b7921e3c76b33f1
casc-30,eps,SYO586-1,mrs,120,GaveUp,Satisfiable,unknown,118.748,9102,eps_cert_status=GaveUp eps_portfolio_status=GaveUp selected=portfolio workers=7+1 time=118s stopped=none  cert_ordering=kbo,raw/mrs/eps/SYO586-1.stdout,raw/mrs/eps/SYO586-1.stderr,cbb598fdb4a1cbb8c80bc26ded8bab7f4244cdc7dbdf5dc6659225b0318003c8,da78abc75035bb95052d8bd2b89395da64972378c341f79637b92d1b28481f5c
casc-30,eps,SYO590-1,mrs,120,Timeout,Satisfiable,unknown,118.974,13198,eps_cert_status=GaveUp eps_portfolio_status=Timeout selected=portfolio workers=7+1 time=118s stopped=none  cert_ordering=kbo,raw/mrs/eps/SYO590-1.stdout,raw/mrs/eps/SYO590-1.stderr,5a33d09598eb71d3b0424429738d855a29c7607221aca80b75199c4cb7732ae4,0c59c171e3f8b3fc7192727b9c9e4d47551d571571dcc22c4a30299209353058
casc-30,eps,SYO593-1,mrs,120,Timeout,Satisfiable,unknown,119.096,11150,eps_cert_status=GaveUp eps_portfolio_status=Timeout selected=portfolio workers=7+1 time=118s stopped=none  cert_ordering=kbo,raw/mrs/eps/SYO593-1.stdout,raw/mrs/eps/SYO593-1.stderr,231bbd1372d2778791399558020bcdc0d063a93072958af58f36f7d1210a37cb,925f09207d21c000b912b4c4f8f06b44979108309a1c78ca90ff8bfec6f63ad7
