GRP123-4.004	Satisfiable	2
GRP123-6.005	Satisfiable	2
GRP123-8.004	Satisfiable	2
GRP124-3.005	Satisfiable	2
GRP124-4.005	Satisfiable	2
GRP124-9.005	Satisfiable	2
GRP125-2.004	Satisfiable	2
GRP125-3.004	Satisfiable	2
GRP125-4.004	Satisfiable	2
GRP126-2.005	Satisfiable	2
GRP126-4.005	Satisfiable	2
GRP128-3.004	Satisfiable	2
GRP128-4.004	Satisfiable	2
GRP129-3.005	Satisfiable	2
GRP129-4.005	Satisfiable	2
GRP130-3.004	Satisfiable	2
GRP132-1.005	Satisfiable	2
HWC004-1	GaveUp	-
HWV042-1	GaveUp	-
HWV042-2	GaveUp	-
HWV048-1	GaveUp	-
HWV048-2	GaveUp	-
HWV049-1	GaveUp	-
HWV049-2	GaveUp	-
HWV053-1	GaveUp	-
HWV063-1	GaveUp	-
HWV075-1	GaveUp	-
HWV077-1	GaveUp	-
HWV080-1	GaveUp	-
HWV082-1	GaveUp	-
HWV085-1	GaveUp	-
HWV086-1	GaveUp	-
KRS279-1	GaveUp	-
KRS281-1	GaveUp	-
KRS291-1	GaveUp	-
MGT066-1	GaveUp	-
MSC008-1.010	GaveUp	-
NLP006-1	GaveUp	-
NLP008-1	GaveUp	-
NLP012-1	GaveUp	-
NLP023-1	GaveUp	-
NLP024-1	GaveUp	-
NLP042-1	GaveUp	-
NLP115-1	Satisfiable	2
NLP116-1	Satisfiable	2
NLP118-1	Satisfiable	-
NLP120-1	Satisfiable	-
NLP121-1	Satisfiable	2
NLP123-1	Satisfiable	-
NLP124-1	GaveUp	-
NLP125-1	GaveUp	-
NLP126-1	GaveUp	-
NLP127-1	GaveUp	-
PLA038-1	GaveUp	-
PLA045-1	GaveUp	-
PUZ001-3	Satisfiable	2
PUZ018-2	Satisfiable	2
PUZ028-1	Satisfiable	2
PUZ028-2	Satisfiable	2
PUZ028-3	Satisfiable	2
PUZ028-4	Satisfiable	2
PUZ052-1	GaveUp	-
SYN056-1	Satisfiable	2
SYN059-1	Satisfiable	2
SYN307-1	Satisfiable	2
SYN317-1	Satisfiable	2
SYN322-1	Satisfiable	2
SYN422-1	GaveUp	-
SYN438-1	Satisfiable	2
SYN441-1	GaveUp	-
SYN446-1	Satisfiable	2
SYN490-1	Satisfiable	2
SYN494-1	Satisfiable	2
SYN514-1	GaveUp	-
SYN515-1	Satisfiable	2
SYN527-1	Satisfiable	2
SYN528-1	Satisfiable	2
SYN529-1	GaveUp	-
SYN530-1	GaveUp	-
SYN720-1	Satisfiable	2
SYN812-1	GaveUp	-
SYN815-1	GaveUp	-
SYN816-1	GaveUp	-
SYN817-1	GaveUp	-
SYN818-1	GaveUp	-
SYN826-1	GaveUp	-
SYN828-1	GaveUp	-
SYN830-1	GaveUp	-
SYN835-1	GaveUp	-
SYN838-1	GaveUp	-
SYN840-1	GaveUp	-
SYN841-1	GaveUp	-
SYN853-1	GaveUp	-
SYN867-1	GaveUp	-
SYN868-1	GaveUp	-
SYN888-1	GaveUp	-
SYO585-1	GaveUp	-
SYO586-1	GaveUp	-
SYO590-1	GaveUp	-
SYO593-1	GaveUp	-
