label,problem,result,elapsed_ms,processed,generated,passive,lrs_discarded,weight_discarded,fwd_subsumed,shares_binary
base,casc-30/UEQ/ALG213-10,Timeout,30006,204,51535,20936,30220,30220,180,d12c0dd774f965a5
base,casc-30/UEQ/BOO017-10,Unsatisfiable,27094,1209,26291,6288,15987,15987,2833,d12c0dd774f965a5
base,casc-30/UEQ/COL003-19,Unsatisfiable,25226,154,54540,30959,23089,23089,341,d12c0dd774f965a5
base,casc-30/UEQ/COL042-6,Unsatisfiable,23254,130,51330,8927,41961,41961,315,d12c0dd774f965a5
base,casc-30/UEQ/COL043-3,Timeout,30003,125,61331,17760,43142,43142,308,d12c0dd774f965a5
base,casc-30/UEQ/CSR034-10,Unsatisfiable,41,46,19,9,0,0,6,d12c0dd774f965a5
base,casc-30/UEQ/CSR051-10,Unsatisfiable,31,13,0,14,0,0,1,d12c0dd774f965a5
base,casc-30/UEQ/CSR065-10,GaveUp,490,198,148,0,0,0,34,d12c0dd774f965a5
base,casc-30/UEQ/GRP048-10,Timeout,30006,1056,50198,2219,46575,46575,358,d12c0dd774f965a5
base,casc-30/UEQ/GRP167-1,Timeout,30054,1386,29504,9666,18000,18000,468,d12c0dd774f965a5
base,casc-30/UEQ/GRP167-4,Timeout,30040,721,29655,10108,18371,18371,470,d12c0dd774f965a5
base,casc-30/UEQ/GRP179-2,Timeout,30050,746,29533,12537,15737,15737,525,d12c0dd774f965a5
base,casc-30/UEQ/GRP180-2,Timeout,30043,887,26432,6977,17983,17983,600,d12c0dd774f965a5
base,casc-30/UEQ/GRP183-3,Timeout,30048,738,29419,12431,15737,15737,525,d12c0dd774f965a5
base,casc-30/UEQ/GRP185-2,Timeout,30041,841,25484,4208,19960,19960,490,d12c0dd774f965a5
base,casc-30/UEQ/GRP186-2,Timeout,30050,749,29380,7152,21100,21100,394,d12c0dd774f965a5
base,casc-30/UEQ/GRP203-1,Timeout,30029,488,23862,3319,19687,19687,372,d12c0dd774f965a5
base,casc-30/UEQ/GRP416-1,Unsatisfiable,20820,85,24561,10712,13579,13579,187,d12c0dd774f965a5
base,casc-30/UEQ/GRP422-1,Timeout,30022,96,50385,12511,37219,37219,561,d12c0dd774f965a5
base,casc-30/UEQ/GRP472-1,Timeout,30023,156,48803,13865,34449,34449,336,d12c0dd774f965a5
base,casc-30/UEQ/GRP478-1,Unsatisfiable,8590,107,20914,5090,15469,15469,251,d12c0dd774f965a5
base,casc-30/UEQ/GRP655-11,Timeout,30018,524,29629,12833,15938,15938,340,d12c0dd774f965a5
base,casc-30/UEQ/GRP660-10,Timeout,30024,497,27963,5107,22103,22103,262,d12c0dd774f965a5
base,casc-30/UEQ/GRP662-1,Timeout,30044,614,42752,3941,37888,37888,319,d12c0dd774f965a5
base,casc-30/UEQ/GRP667-10,Timeout,30035,650,37447,5974,30397,30397,439,d12c0dd774f965a5
base,casc-30/UEQ/GRP670-1,Timeout,30034,490,22330,8399,13167,13167,283,d12c0dd774f965a5
base,casc-30/UEQ/GRP688-1,Timeout,30025,419,16804,5082,10704,10704,611,d12c0dd774f965a5
base,casc-30/UEQ/GRP694-1,Timeout,30040,922,42038,8893,31414,31414,823,d12c0dd774f965a5
base,casc-30/UEQ/GRP705-1,Timeout,30036,722,25807,4360,20235,20235,500,d12c0dd774f965a5
base,casc-30/UEQ/GRP750-1,Unsatisfiable,21590,295,38308,6896,30974,30974,149,d12c0dd774f965a5
base,casc-30/UEQ/GRP753-1,Timeout,30039,438,32574,13086,18834,18834,223,d12c0dd774f965a5
base,casc-30/UEQ/GRP767-1,Timeout,30035,1188,44308,4638,37591,37591,911,d12c0dd774f965a5
base,casc-30/UEQ/KLE104-10,Timeout,30035,2424,42775,5895,32713,32713,1771,d12c0dd774f965a5
base,casc-30/UEQ/KLE145-10,Timeout,30013,1347,39487,4246,32961,32961,954,d12c0dd774f965a5
base,casc-30/UEQ/KLE152-10,Timeout,30027,1339,39662,5867,31471,31471,1006,d12c0dd774f965a5
base,casc-30/UEQ/LAT020-1,Timeout,29989,648,11194,10539,0,0,12,d12c0dd774f965a5
base,casc-30/UEQ/LAT044-1,Timeout,30021,2331,20327,9372,8175,8175,460,d12c0dd774f965a5
base,casc-30/UEQ/LAT079-1,Timeout,30046,93,17909,6047,11410,11410,361,d12c0dd774f965a5
base,casc-30/UEQ/LAT082-1,GaveUp,9,2,0,0,0,0,0,d12c0dd774f965a5
base,casc-30/UEQ/LAT092-1,GaveUp,6,2,0,0,0,0,0,d12c0dd774f965a5
base,casc-30/UEQ/LAT138-1,Timeout,30039,441,9181,8660,0,0,86,d12c0dd774f965a5
base,casc-30/UEQ/LAT144-1,Timeout,30012,266,16104,15839,0,0,5,d12c0dd774f965a5
base,casc-30/UEQ/LAT149-1,Timeout,30006,224,14718,4340,10157,10157,3,d12c0dd774f965a5
base,casc-30/UEQ/LAT154-1,Timeout,30014,293,16001,15713,0,0,1,d12c0dd774f965a5
base,casc-30/UEQ/LAT158-1,Timeout,30019,281,19307,19032,0,0,0,d12c0dd774f965a5
base,casc-30/UEQ/LAT163-1,Timeout,30015,219,8444,8218,0,0,13,d12c0dd774f965a5
base,casc-30/UEQ/LAT167-1,Timeout,30028,349,9808,9335,0,0,130,d12c0dd774f965a5
base,casc-30/UEQ/LAT170-1,Timeout,30033,334,10810,10454,0,0,28,d12c0dd774f965a5
base,casc-30/UEQ/LAT174-1,Timeout,30016,376,9495,9078,0,0,47,d12c0dd774f965a5
base,casc-30/UEQ/LAT186-10,Timeout,30007,824,12072,2754,8465,8465,39,d12c0dd774f965a5
base,casc-30/UEQ/LAT223-10,Timeout,30016,1526,7946,6266,0,0,164,d12c0dd774f965a5
base,casc-30/UEQ/LAT392-1,GaveUp,8,2,0,0,0,0,0,d12c0dd774f965a5
base,casc-30/UEQ/LAT394-1,Unsatisfiable,1273,160,4088,3835,0,0,98,d12c0dd774f965a5
base,casc-30/UEQ/LCL042-10,Timeout,30023,697,12259,2374,8964,8964,232,d12c0dd774f965a5
base,casc-30/UEQ/LCL148-10,Timeout,30046,863,68135,2734,60864,60864,3685,d12c0dd774f965a5
base,casc-30/UEQ/LCL265-10,Timeout,30017,1240,14011,3790,8135,8135,857,d12c0dd774f965a5
base,casc-30/UEQ/MVA008-1,Timeout,30068,746,38047,7717,29022,29022,576,d12c0dd774f965a5
base,casc-30/UEQ/NUN134-1,Timeout,30028,373,49781,5489,42560,42560,1370,d12c0dd774f965a5
base,casc-30/UEQ/REL005-3,Timeout,29986,1323,41904,9779,27196,27196,3621,d12c0dd774f965a5
base,casc-30/UEQ/REL010-2,Unsatisfiable,2977,348,7827,6869,0,0,626,d12c0dd774f965a5
