# UEQ CASC-J13 campaign 2026-09-30, derived from the banked run.csv
# Source: ueq-casc-j13-20260930-run.csv (400 rows, system mrs, commit c07cac9, dirty tree)
# Hardware: Xeon Silver 4108, 16 physical cores visible, --hardware adaptive,
#   8 workers, effective_mem_mb ~47000, official CASC-J13 wall clock 180 s.
metric	value
problems	400
solved_ok	107
solve_rate_pct	26.8
szs_Unsatisfiable	107
szs_Timeout	271
szs_GaveUp	22
szs_Theorem	0
szs_Satisfiable	0
szs_Error	0
verdict_ok	107
verdict_unknown	293
verdict_ko	0
audit_strict_verified_good	107
audit_strict_verified_bad	0
audit_strict_unknown	0
audit_strict_error	0
solved_wall_s_median	8.8
solved_wall_s_max	180.2
solved_over_150s	4
solved_over_120s	8
timeout_wall_s_median	178.5
timeout_peak_mem_mb_median	15374
timeout_peak_mem_mb_max	63880
solved_peak_mem_mb_median	3085
gaveup_peak_mem_mb_median	4157
rows_saturated_gt0	0
rows_shared_published_gt0	0
rows_with_no_telemetry	23
solved_processed_per_s_median	356.1
timeout_processed_per_s_median	114.2
# Comparison against the codex.db CASC-J13 UEQ run (800-row campaign, 180 s, 8 workers)
# that docs/reports/codex/status-2026-09-11.md reports as 257/400.
codexdb_problems	400
codexdb_solved	257
codexdb_solved_rate_pct	64.3
common_solved	96
regressed_db_solved_now_not	161
gained_db_not_now_solved	11
common_solved_wall_db_median_s	1.92
common_solved_wall_new_median_s	7.76
common_solved_slower_now	61
regressed_rows_db_pps_median	1649.5
regressed_rows_new_pps_median	116.0
# Per-family: total, codex.db solved, this run solved, lost, gained
family	total	codexdb_solved	this_run_solved	lost	gained
GRP	79	66	25	42	1
LAT	78	72	21	51	0
REL	58	45	12	33	0
LCL	44	9	11	1	3
COL	31	10	5	5	0
RNG	27	8	3	5	0
CSR	15	10	8	4	2
KLE	10	7	5	2	0
SWX	8	1	2	0	1
ROB	7	3	0	3	0
ALG	6	3	2	1	0
BOO	6	6	1	5	0
ARI	5	5	0	5	0
PLA	5	1	1	0	0
SYN	4	3	3	0	0
MVA	3	3	1	2	0
NUN	3	2	1	1	0
PUZ	3	0	1	0	1
ANA	2	2	1	1	0
DAT	2	0	2	0	2
HEN	1	1	1	0	0
NUM	1	0	0	0	0
SWV	1	0	0	0	0
TOP	1	0	1	0	1
